run,suite,arm,seed,step,loss,elapsed_s
pilot_v1_python_s101,pilot,python,101,1,3.777046322822571,0.868981122970581
pilot_v1_python_s101,pilot,python,101,4,1.927184522151947,3.431154727935791
pilot_v1_python_s101,pilot,python,101,8,0.5634549409151077,6.823240518569946
pilot_v1_python_s101,pilot,python,101,12,0.17446335405111313,10.091126918792725
pilot_v1_python_s101,pilot,python,101,16,0.0810509049333632,13.431288480758667
pilot_v1_python_s101,pilot,python,101,20,0.20728298579342663,16.759408473968506
pilot_v1_python_s101,pilot,python,101,24,0.12616590410470963,20.051557540893555
