run,suite,arm,seed,step,loss,elapsed_s
main_v1_stack_s101,main,stack,101,1,10.74943196773529,1.6854588985443115
main_v1_stack_s101,main,stack,101,9,1.2963595539331436,14.71323299407959
main_v1_stack_s101,main,stack,101,18,0.2319039423018694,29.332696676254272
main_v1_stack_s101,main,stack,101,27,0.011774278245866299,44.057894229888916
main_v1_stack_s101,main,stack,101,36,0.07727296679513529,58.78555202484131
main_v1_stack_s101,main,stack,101,45,0.028191645629704,73.46844959259033
main_v1_stack_s101,main,stack,101,48,0.01924247422721237,78.43454170227051
