method,split,support_mode,tasks,rows,row_exact,full_task_exact
adapter,public_prose,none,45,135,0.037037037037037035,0.022222222222222223
adapter,public_prose,normal,45,135,0.7185185185185186,0.6222222222222222
adapter,public_prose,shuffled,45,135,0.4962962962962963,0.26666666666666666
adapter,synthetic_counterfactual,none,60,120,0.09166666666666666,0.05
adapter,synthetic_counterfactual,normal,60,120,0.9583333333333334,0.9166666666666666
adapter,synthetic_counterfactual,shuffled,60,120,0.6333333333333333,0.5333333333333333
