step,loss,lr
1,11.157279372215271,1e-05
10,5.331780546903611,0.0001
20,1.0746397232700473,0.0002
30,0.22460612642207706,0.0001923879532511287
40,0.007503215704127797,0.00017071067811865476
50,0.19171801657266768,0.000138268343236509
60,0.09495444001172473,0.0001
70,0.03415077834955582,6.173165676349103e-05
80,0.03934081734040547,2.9289321881345254e-05
90,0.24142862302712728,7.612046748871327e-06
100,0.011677528314930897,0.0
