run,arm,seed,stage,stage_idx,local_step,global_step,compiler_max_steps,elapsed_sec,expansion_event,init_loss,op_loss,arg_loss,state_loss,state_train_accuracy,executor_loss,loss
pilot_max24_curriculum_seed456,max24_curriculum,456,stage1_max24,1,1,1,24,1.289,init,4.6610426902771,1.0971709489822388,4.620157718658447,4.577960014343262,0.0,4.578348159790039,47.3782844543457
pilot_max24_curriculum_seed456,max24_curriculum,456,stage1_max24,1,2,2,24,1.928,init,4.798401832580566,1.0880627632141113,4.551987648010254,4.578279495239258,0.0,4.578851699829102,47.646751403808594
pilot_max24_curriculum_seed456,max24_curriculum,456,stage1_max24,1,4,4,24,3.203,init,4.428750038146973,1.1354135274887085,4.616462707519531,4.577725410461426,0.0,4.578866004943848,46.47285461425781
pilot_max24_curriculum_seed456,max24_curriculum,456,stage2_max24,2,1,5,24,18.988,same,4.5455121994018555,1.0354273319244385,4.539814472198486,4.579622268676758,0.0,4.580118656158447,46.536476135253906
pilot_max24_curriculum_seed456,max24_curriculum,456,stage2_max24,2,2,6,24,19.649,same,4.141141891479492,1.0488122701644897,4.472254753112793,4.578167915344238,0.0,4.57887077331543,44.6594352722168
pilot_max24_curriculum_seed456,max24_curriculum,456,stage3_max24,3,1,7,24,35.766,same,3.5594077110290527,1.1389961242675781,4.476780891418457,4.577386856079102,0.0,4.577516555786133,42.43865203857422
pilot_max24_curriculum_seed456,max24_curriculum,456,stage3_max24,3,2,8,24,36.445,same,4.581913471221924,1.1350994110107422,4.459677696228027,4.579489231109619,0.0,4.579712867736816,46.46066665649414
pilot_max24_curriculum_seed456,max24_curriculum,456,stage3_max24,3,4,10,24,38.082,same,4.907340049743652,1.1195971965789795,4.460136413574219,4.58121395111084,0.0,4.581417083740234,47.752132415771484
