variant,stage,local_step,step,loss,trace_loss_active,lr_scale,executor_loss,init_loss,op_loss,arg_loss,init_attn_loss,op_attn_loss,arg_attn_loss,role_loss,role_count_loss,standard_len2_direct_accuracy,standard_len2_direct_target_mass,standard_len2_executor_accuracy,standard_len2_executor_target_mass,standard_len2_init_accuracy,standard_len2_init_pos_accuracy,standard_len2_op_accuracy,standard_len2_arg_accuracy,standard_len2_op_pos_accuracy,standard_len2_arg_pos_accuracy,standard_len2_program_exact,standard_len4_direct_accuracy,standard_len4_direct_target_mass,standard_len4_executor_accuracy,standard_len4_executor_target_mass,standard_len4_init_accuracy,standard_len4_init_pos_accuracy,standard_len4_op_accuracy,standard_len4_arg_accuracy,standard_len4_op_pos_accuracy,standard_len4_arg_pos_accuracy,standard_len4_program_exact
compiler_trace,trace_bootstrap,1,1,22.399700164794922,True,1.0,2.81230092048645,2.8418915271759033,1.133236289024353,2.8952853679656982,3.8276100158691406,3.9736850261688232,4.074325084686279,0.8413667678833008,1.6248986721038818,nan,nan,0.0,0.06131934622923533,0.08333333333333333,0.0,0.25,0.041666666666666664,0.0,0.0,0.0,nan,nan,0.08333333333333333,0.05737792948881785,0.08333333333333333,0.0,0.2916666666666667,0.020833333333333332,0.0,0.0,0.0
compiler_trace,trace_bootstrap,2,2,22.10013771057129,True,1.0,2.8545093536376953,2.801368236541748,1.105405330657959,2.875304698944092,3.8150720596313477,3.814584255218506,3.9568498134613037,0.8770450949668884,1.5769197940826416,nan,nan,0.0,0.061331490675608315,0.08333333333333333,0.0,0.25,0.041666666666666664,0.0,0.0,0.0,nan,nan,0.08333333333333333,0.05736539761225382,0.08333333333333333,0.0,0.2916666666666667,0.020833333333333332,0.020833333333333332,0.0,0.0
compiler_trace,trace_bootstrap,4,4,21.659282684326172,True,1.0,2.812671184539795,2.8029730319976807,1.0730074644088745,2.8486316204071045,3.7916436195373535,3.689913034439087,3.7544515132904053,0.8859922885894775,1.4964509010314941,nan,nan,0.0,0.061363235116004944,0.08333333333333333,0.0,0.25,0.041666666666666664,0.0,0.0,0.0,nan,nan,0.08333333333333333,0.05733814835548401,0.08333333333333333,0.0,0.2916666666666667,0.020833333333333332,0.041666666666666664,0.0625,0.0
