run,phase,epoch,loss,action_accuracy,kind_accuracy,slot_accuracy,op_accuracy,arg_accuracy,stop_accuracy,rank_pair_accuracy,solved_bce,distance_mae,train_states,stop_labels
smoke_search_rollout_distill_20260624,bc_policy,1,6.3210863791979275,0.11538461538461539,0.5,0.3333333333333333,0.35294117647058826,0.0,0.0,0.0,0.4080332884421715,3.3381114510389476,26,3
smoke_search_rollout_distill_20260624,search_r1_policy,1,6.000772739711561,0.10526315789473684,0.6842105263157895,0.21875,0.15384615384615385,0.16666666666666666,0.3333333333333333,0.2631578947368421,0.4864520556048343,2.848238703843794,38,3
