step,loss,pos_loss,margin_loss,lr
1,10.667982352897525,10.5078125,0.16016985289752483,1e-05
10,6.536616813810542,6.40546875,0.13114806381054223,0.0001
20,1.2315105616850759,1.078358495235443,0.1531520664496327,0.0002
30,0.1420913333116914,0.08872137069702149,0.05336996261466993,0.00018660254037844388
40,0.4311022796970879,0.41587609350681304,0.015226186190274849,0.00015000000000000001
50,0.10856573055854142,0.08028998672962188,0.02827574382891953,0.0001
60,0.2571473265726255,0.1975569274276495,0.059590399144976026,5.000000000000002e-05
70,0.15696666487278063,0.13459631353616713,0.02237035133661349,1.339745962155613e-05
80,0.1279224749851248,0.10587841123342515,0.02204406375169965,0.0
