run,label_mode,phase,epoch,loss,train_samples,positive_rate,val_accuracy,val_auc,val_positive_rate
smoke_semantic_prefix_value,exact,exact_verifier_train,1,0.7801976161343711,1288,0.1389751552795031,0.9521072796934866,0.9881358171488969,0.16666666666666666
smoke_semantic_prefix_value,exact,exact_verifier_train,2,0.2705259380503471,1288,0.1389751552795031,0.9636015325670498,0.9951644867221562,0.16666666666666666
smoke_semantic_prefix_value,semantic,semantic_verifier_train,1,0.6961698672786263,1288,0.4782608695652174,0.6992337164750958,0.7774003623188406,0.26436781609195403
smoke_semantic_prefix_value,semantic,semantic_verifier_train,2,0.6433440805962367,1288,0.4782608695652174,0.6666666666666666,0.823011020531401,0.26436781609195403
