model,length,k,n,pair_accuracy,register_accuracy
static,4,-1,2048,0.0,0.0107421875
static,8,-1,2048,0.00048828125,0.011962890625
static,12,-1,2048,0.0,0.009033203125
static,16,-1,2048,0.0009765625,0.010986328125
static,24,-1,2048,0.0,0.0087890625
