variant,max_depth,tasks,heldout_covered,train_match_rate,train_match_only,no_train_match
core,1,38,0.10526315789473684,0.15789473684210525,0.05263157894736842,0.8421052631578947
core,2,38,0.21052631578947367,0.2631578947368421,0.05263157894736842,0.7368421052631579
office,1,38,0.6052631578947368,0.6578947368421053,0.05263157894736842,0.34210526315789475
office,2,38,0.7105263157894737,0.7631578947368421,0.05263157894736842,0.23684210526315788
office_table,1,38,0.7368421052631579,0.7894736842105263,0.05263157894736842,0.21052631578947367
office_table,2,38,0.8421052631578947,0.8947368421052632,0.05263157894736842,0.10526315789473684
