run,arm,stage,stage_idx,local_step,global_step,compiler_max_steps,elapsed_sec,expansion_event,init_loss,op_loss,arg_loss,state_loss,state_train_accuracy,executor_loss,loss
smoke_random_new_slots,smoke_random_new_slots,stage1_max8,1,1,1,8,1.066,init,4.608971118927002,1.0004818439483643,4.786462783813477,4.580732345581055,0.0,4.580732345581055,16.1218318939209
smoke_random_new_slots,smoke_random_new_slots,stage2_max16,2,1,2,16,2.785,expand_8_to_16_random_new,4.500669002532959,1.2040961980819702,4.596749305725098,4.578803062438965,0.0,4.579156398773193,16.025371551513672
smoke_random_new_slots,smoke_random_new_slots,stage3_max24,3,1,3,24,5.854,expand_16_to_24_random_new,4.571833610534668,1.1309095621109009,4.655930519104004,4.580975532531738,0.0,4.580688953399658,16.084606170654297
