run,suite,arm,seed,step,loss,elapsed_s
main_v1_program_python_s101,main,program_python,101,1,10.822914123535156,1.6293237209320068
main_v1_program_python_s101,main,program_python,101,9,0.7883575782179832,14.424582958221436
main_v1_program_python_s101,main,program_python,101,18,0.117764838389121,28.927911520004272
main_v1_program_python_s101,main,program_python,101,27,0.00123796548723476,43.32123899459839
main_v1_program_python_s101,main,program_python,101,36,0.0001954655526787974,58.23166584968567
main_v1_program_python_s101,main,program_python,101,45,0.00014915743668098003,72.72455048561096
main_v1_program_python_s101,main,program_python,101,48,0.0006216920073711663,77.6216676235199
