run,variant,epoch,loss,action_ce,observation_ce,train_examples,action_tokens,observation_tokens
pilot_vm_agent_echo_blank_a128,action_only,1,1.5953515711263067,0.8658178683517127,0.16175631034784632,128,4374,133706
pilot_vm_agent_echo_blank_a128,action_only,2,0.4482449288158042,0.21010048766786452,0.18810290014927053,128,4374,133706
pilot_vm_agent_echo_blank_a128,echo,1,0.6666309109945935,0.7132857744503368,0.1237131883597916,128,4374,133706
pilot_vm_agent_echo_blank_a128,echo,2,0.20837374664608949,0.20025222509484353,0.08723440736896271,128,4374,133706
