run,phase,epoch,loss,action_accuracy,kind_accuracy,slot_accuracy,op_accuracy,arg_accuracy,stop_accuracy,rank_pair_accuracy,solved_bce,distance_mae,pg_loss,echo_loss,mean_reward,mean_advantage,next_valid_accuracy,next_final_accuracy,train_states,stop_labels
pilot_shaped_echo_s32_20260624,bc_policy,1,4.24096584973959,0.3080168776371308,0.8270042194092827,0.5812807881773399,0.363013698630137,0.22807017543859648,0.6470588235294118,0.0,0.3381570477022903,2.8996600652042823,0.0,6.362777724044736,0.0,0.0,0.7341772151898734,0.510548523206751,237,30
pilot_shaped_echo_s32_20260624,bc_policy,2,2.753186938631887,0.5021097046413502,0.9240506329113924,0.8620689655172413,0.4928571428571429,0.4126984126984127,0.8529411764705882,0.0,0.20041923407260878,2.354641219986139,0.0,3.2188263143165203,0.0,0.0,0.8354430379746836,0.7215189873417721,237,30
pilot_shaped_echo_s32_20260624,grpo_echo_r1_policy,1,0.664501840833684,0.3503562945368171,0.8527315914489311,0.6644295302013423,0.4504201680672269,0.29333333333333333,0.28865979381443296,0.0,0.17406847458576116,2.989725574178537,0.19903035281500348,3.076578969697771,-0.2152731571315551,0.1575308236915114,0.7434679334916865,0.7790973871733967,842,116
