{
  "aggregate": 0.3357755499860763,
  "backend": "qwen_vllm",
  "benchmark_runner_sha256": "a3beecd8b5c89ccfd99a172a6d85321d39b9feb6c29d12f10b2f4d7499e273cb",
  "benchmark_source_file_count": 56,
  "benchmark_source_inventory_sha256": "218b8615a95f24da962c931e9cd2dba58d853a7bdcd2847cd8e2c42fc2c05f42",
  "model": "/home/ericflo/Development/small-model-experimentation/large_artifacts/qwen35_4b_count_dont_walk_enumeration/merged/replay_ctl7",
  "model_merge_receipt_sha256": "950f0b1d27df915901a8e665f70cf161adedb4f6475f360e4cc152e94f3a45d7",
  "per_family": {
    "chronicle": 0.2,
    "lockpick": 0.1,
    "menders": 0.0,
    "mirage": 0.7,
    "rites": 0.1,
    "siftstack": 0.6,
    "sirens": 0.5,
    "stockade": 0.29108883319409634,
    "toolsmith": 0.8,
    "warren": 0.06666666666666667
  },
  "schema_version": 1,
  "seed": 78165,
  "stage": "menagerie_aggregate_gateway",
  "think_budget": 1024,
  "tier": "medium",
  "wall_seconds": 141.03494374314323,
  "within_budget": true
}
