step,loss,lr
1,5.097643852233887,1e-05
2,5.347832202911377,2e-05
