variant,step,loss,direct_loss,len2_direct_accuracy,len2_direct_target_mass,len2_executor_accuracy,len2_executor_target_mass,len2_init_accuracy,len2_op_accuracy,len2_arg_accuracy,len2_program_exact,len4_direct_accuracy,len4_direct_target_mass,len4_executor_accuracy,len4_executor_target_mass,len4_init_accuracy,len4_op_accuracy,len4_arg_accuracy,len4_program_exact,executor_loss,init_loss,op_loss,arg_loss
direct,1,2.8703970909118652,2.8703970909118652,0.0625,0.06003369018435478,nan,nan,nan,nan,nan,nan,0.0625,0.05962216109037399,nan,nan,nan,nan,nan,nan,,,,
direct,3,2.804377794265747,2.804377794265747,0.0625,0.05983434617519379,nan,nan,nan,nan,nan,nan,0.0625,0.05865258350968361,nan,nan,nan,nan,nan,nan,,,,
direct,6,2.831634044647217,2.831634044647217,0.0625,0.059915900230407715,nan,nan,nan,nan,nan,nan,0.0625,0.05736011266708374,nan,nan,nan,nan,nan,nan,,,,
compiler_trace,1,9.594647407531738,,nan,nan,0.0,0.06144434213638306,0.125,0.25,0.03125,0.0,nan,nan,0.0,0.05736008659005165,0.0625,0.3125,0.0625,0.0,2.851036787033081,2.71956205368042,1.1163829565048218,2.907665729522705
compiler_trace,3,9.587385177612305,,nan,nan,0.0,0.061524730175733566,0.125,0.21875,0.03125,0.0,nan,nan,0.0625,0.05727759003639221,0.0625,0.234375,0.0625,0.0,2.8491358757019043,2.7522807121276855,1.0940488576889038,2.8919191360473633
compiler_trace,6,9.504006385803223,,nan,nan,0.0625,0.061518967151641846,0.125,0.40625,0.03125,0.0,nan,nan,0.1875,0.05723065882921219,0.0625,0.296875,0.0625,0.0,2.847149610519409,2.6438663005828857,1.0677199363708496,2.945270299911499
compiler_answer_only,1,2.8145549297332764,,nan,nan,0.0,0.061798516660928726,0.0625,0.25,0.09375,0.0,nan,nan,0.0625,0.057299815118312836,0.0,0.3125,0.109375,0.0,2.8145549297332764,,,
compiler_answer_only,3,2.808624267578125,,nan,nan,0.0,0.06245218962430954,0.0625,0.25,0.0,0.0,nan,nan,0.125,0.05691714584827423,0.0,0.3125,0.015625,0.0,2.808624267578125,,,
compiler_answer_only,6,2.8050990104675293,,nan,nan,0.0,0.06254139542579651,0.0,0.25,0.0,0.0,nan,nan,0.0625,0.05683267116546631,0.0,0.3125,0.0,0.0,2.8050990104675293,,,
