family,tasks,mixed_tasks,task_macro_auroc,mean_answer_gain,rollout_accuracy,parse_rate,parsed_conditional_accuracy
burrowmaze,6,6,0.6387832225463494,0.7822002115741414,0.115234375,0.130859375,0.8805970149253731
caravan,8,6,0.6531021135502559,-0.3028562663022285,0.03076171875,0.04736328125,0.6494845360824743
ferrier,6,6,0.5351979555821598,-0.3167922413721164,0.5403645833333334,0.5618489583333334,0.9617612977983777
foundry_ledger,8,7,0.7100426966524791,1.3505439695889976,0.05517578125,0.05712890625,0.9658119658119658
gatepost,6,5,0.7636462333299587,-0.31417665880739304,0.2532552083333333,0.3268229166666667,0.7749003984063745
glyphgate,6,1,0.9549019607843138,-2.1738549774726343,0.0006510416666666666,0.005859375,0.1111111111111111
kilnrite,6,6,0.5074382935092031,-0.33778838628387575,0.057291666666666664,0.08138020833333333,0.704
loomfix,6,3,0.48911018475631723,0.5576036470337581,0.0032552083333333335,0.005208333333333333,0.625
runeward,6,5,0.5069327372699901,1.6210487649575498,0.025390625,0.026041666666666668,0.975
