run,phase,epoch,loss,action_accuracy,kind_accuracy,slot_accuracy,op_accuracy,arg_accuracy,stop_accuracy,rank_pair_accuracy,solved_bce,distance_mae,pg_loss,echo_loss,mean_reward,mean_advantage,next_valid_accuracy,next_final_accuracy,train_states,stop_labels
pilot_process_dpo_s32_20260624,bc_policy,1,4.24096584973959,0.3080168776371308,0.8270042194092827,0.5812807881773399,0.363013698630137,0.22807017543859648,0.6470588235294118,0.0,0.3381570477022903,2.8996600652042823,0.0,6.362777724044736,0.0,0.0,0.7341772151898734,0.510548523206751,237,30
pilot_process_dpo_s32_20260624,bc_policy,2,2.753186938631887,0.5021097046413502,0.9240506329113924,0.8620689655172413,0.4928571428571429,0.4126984126984127,0.8529411764705882,0.0,0.20041923407260878,2.354641219986139,0.0,3.2188263143165203,0.0,0.0,0.8354430379746836,0.7215189873417721,237,30
pilot_process_dpo_s32_20260624,process_dpo_r1_policy,1,4.125264086939604,0.3304535637149028,0.7602591792656588,0.5491071428571429,0.28846153846153844,0.48404255319148937,0.26666666666666666,0.8018358531317494,0.15875891818952612,3.135932335328335,0.0,3.526764310333178,0.0,0.0,0.7408207343412527,0.6544276457883369,463,35
