variant,stage,local_step,step,loss,trace_loss_active,lr_scale,executor_loss,init_loss,op_loss,arg_loss,init_attn_loss,op_attn_loss,arg_attn_loss,role_loss,standard_len2_direct_accuracy,standard_len2_direct_target_mass,standard_len2_executor_accuracy,standard_len2_executor_target_mass,standard_len2_init_accuracy,standard_len2_op_accuracy,standard_len2_arg_accuracy,standard_len2_program_exact,standard_len4_direct_accuracy,standard_len4_direct_target_mass,standard_len4_executor_accuracy,standard_len4_executor_target_mass,standard_len4_init_accuracy,standard_len4_op_accuracy,standard_len4_arg_accuracy,standard_len4_program_exact
compiler_trace,trace_bootstrap,1,1,22.300535202026367,True,1.0,2.812248706817627,2.8418915271759033,1.133236289024353,2.895348310470581,3.8276100158691406,3.9736850261688232,3.975148916244507,0.8413667678833008,nan,nan,0.0,0.061331138014793396,0.08333333333333333,0.25,0.041666666666666664,0.0,nan,nan,0.08333333333333333,0.0573656956354777,0.08333333333333333,0.2916666666666667,0.020833333333333332,0.0
compiler_trace,trace_bootstrap,2,2,22.040451049804688,True,1.0,2.854644298553467,2.8007259368896484,1.1049747467041016,2.8759727478027344,3.812955141067505,3.8238866329193115,3.8905622959136963,0.8767285346984863,nan,nan,0.0,0.06134924292564392,0.08333333333333333,0.25,0.041666666666666664,0.0,nan,nan,0.08333333333333333,0.05735107262929281,0.08333333333333333,0.2916666666666667,0.020833333333333332,0.0
compiler_trace,trace_bootstrap,4,4,21.68723487854004,True,1.0,2.812511920928955,2.8043127059936523,1.0724793672561646,2.849360466003418,3.786085367202759,3.711815357208252,3.7654471397399902,0.8852231502532959,nan,nan,0.0,0.061391557256380715,0.08333333333333333,0.25,0.041666666666666664,0.0,nan,nan,0.08333333333333333,0.05732011795043945,0.08333333333333333,0.2916666666666667,0.020833333333333332,0.0
