run,arm,stage,stage_idx,local_step,global_step,compiler_max_steps,elapsed_sec,expansion_event,init_loss,op_loss,arg_loss,state_loss,state_train_accuracy,executor_loss,loss
pilot_train_to16_eval24,train_to16_eval24,stage1_max24,1,1,1,24,2.375,init,4.569614887237549,1.0995908975601196,4.6720051765441895,4.578830242156982,0.0,4.5797200202941895,47.2246208190918
pilot_train_to16_eval24,train_to16_eval24,stage1_max24,1,15,15,24,22.647,init,4.295513153076172,1.1061465740203857,4.065327167510986,4.558757305145264,0.05999999865889549,4.497153282165527,43.60541915893555
pilot_train_to16_eval24,train_to16_eval24,stage1_max24,1,30,30,24,44.584,init,4.496400356292725,1.0982639789581299,3.8027150630950928,4.577423095703125,0.0,4.576974391937256,43.44912338256836
pilot_train_to16_eval24,train_to16_eval24,stage1_max24,1,45,45,24,66.014,init,4.757564067840576,1.1051839590072632,3.7706477642059326,4.570503234863281,0.0,4.576455116271973,44.364990234375
pilot_train_to16_eval24,train_to16_eval24,stage1_max24,1,60,60,24,87.959,init,3.9635367393493652,1.16115403175354,3.739800214767456,4.577351093292236,0.0,4.57549524307251,41.127349853515625
pilot_train_to16_eval24,train_to16_eval24,stage1_max24,1,75,75,24,109.978,init,4.062205791473389,1.1204496622085571,3.625684976577759,4.57267951965332,0.02083333395421505,4.575016975402832,41.01970672607422
