run,phase,epoch,loss,action_accuracy,kind_accuracy,slot_accuracy,op_accuracy,arg_accuracy,stop_accuracy,rank_pair_accuracy,solved_bce,distance_mae,pg_loss,echo_loss,mean_reward,mean_advantage,next_valid_accuracy,next_final_accuracy,train_states,stop_labels
smoke_fuyu_grpo_echo_shaped_20260624,bc_policy,1,5.134752801486424,0.17857142857142858,0.5,0.3181818181818182,0.25,0.1,0.3333333333333333,0.0,0.5347281289952142,2.5107614201094424,0.0,8.158742683274406,0.0,0.0,0.6785714285714286,0.32142857142857145,28,4
smoke_fuyu_grpo_echo_shaped_20260624,grpo_echo_r1_policy,1,0.5393053839026496,0.23255813953488372,0.46511627906976744,0.3939393939393939,0.4117647058823529,0.125,0.3,0.0,0.15523081879283107,3.376118221948313,0.08264341534570206,4.462124857791634,-0.25093023409677107,-0.06976731433424839,0.7209302325581395,0.6046511627906976,43,11
