step,loss,pos_loss,margin_loss,lr
1,7.284720778465271,7.1796875,0.105033278465271,1e-05
5,6.297931702248752,6.175,0.12293170224875212,5e-05
10,5.557772988080979,5.409765625,0.1480073630809784,0.0001
15,1.5397850327193736,1.404608154296875,0.1351768784224987,0.00015000000000000001
20,0.1891969129384961,0.0768190860748291,0.112377826863667,0.0002
25,0.2832119320635684,0.2072337746620178,0.07597815740155056,0.00017071067811865476
30,0.052825899517483774,0.021306532621383666,0.03151936689610011,0.0001
35,0.184285864770494,0.15503937602043152,0.029246488750062482,2.9289321881345254e-05
40,0.13006195753914654,0.10434002876281738,0.025721928776329152,0.0
