run,phase,epoch,loss,action_accuracy,kind_accuracy,slot_accuracy,op_accuracy,arg_accuracy,stop_accuracy,rank_pair_accuracy,solved_bce,distance_mae,train_states,stop_labels
pilot_search_r1_rank00_e2_20260624,bc_policy,1,4.436480348892593,0.29490022172949004,0.7738359201773836,0.5739795918367347,0.33093525179856115,0.13157894736842105,0.7796610169491526,0.0,0.2892369183891364,2.769469340796481,451,60
pilot_search_r1_rank00_e2_20260624,bc_policy,2,2.430775364790682,0.5277161862527716,0.9135254988913526,0.8611825192802056,0.5653846153846154,0.4263565891472868,0.8225806451612904,0.0,0.17909210036506673,2.4430774500523333,451,60
pilot_search_r1_rank00_e2_20260624,search_r1_policy,1,4.22581125562864,0.2990556138509968,0.6054564533053515,0.5426621160409556,0.21428571428571427,0.3895870736086176,0.7702702702702703,0.531610703043022,0.11969050753701396,2.4506661236473795,953,69
pilot_search_r1_rank00_e2_20260624,search_r1_policy,2,3.1481506887350355,0.3955928646379853,0.683105981112277,0.6117381489841986,0.4180790960451977,0.4849624060150376,0.8208955223880597,0.5823714585519413,0.07540471750289077,2.1712271009043156,953,69
