variant,stage,local_step,step,loss,trace_loss_active,lr_scale,executor_loss,init_loss,op_loss,arg_loss,init_attn_loss,op_attn_loss,arg_attn_loss,standard_len3_direct_accuracy,standard_len3_direct_target_mass,standard_len3_executor_accuracy,standard_len3_executor_target_mass,standard_len3_init_accuracy,standard_len3_op_accuracy,standard_len3_arg_accuracy,standard_len3_program_exact,standard_len6_direct_accuracy,standard_len6_direct_target_mass,standard_len6_executor_accuracy,standard_len6_executor_target_mass,standard_len6_init_accuracy,standard_len6_op_accuracy,standard_len6_arg_accuracy,standard_len6_program_exact,standard_len12_direct_accuracy,standard_len12_direct_target_mass,standard_len12_executor_accuracy,standard_len12_executor_target_mass,standard_len12_init_accuracy,standard_len12_op_accuracy,standard_len12_arg_accuracy,standard_len12_program_exact
compiler_trace,trace_bootstrap,1,1,40.50010681152344,True,1.0,4.57078742980957,4.62278413772583,1.1135773658752441,4.548330783843994,4.01578426361084,3.8346738815307617,3.9258151054382324,nan,nan,0.0,0.01033314410597086,0.0,0.3385416666666667,0.046875,0.0,nan,nan,0.015625,0.01029810681939125,0.0078125,0.3190104166666667,0.052083333333333336,0.0,nan,nan,0.015625,0.01026901975274086,0.03125,0.33984375,0.040364583333333336,0.0
compiler_trace,trace_bootstrap,500,500,9.860954014584422e-05,True,1.0,2.437319744785782e-05,1.3203261914895847e-05,1.643814016460965e-06,3.919046775990864e-06,2.412097899195942e-07,4.986345629731659e-07,1.512059498054441e-05,nan,nan,0.9921875,0.9911900758743286,1.0,1.0,0.9973958333333334,0.9921875,nan,nan,0.0,0.005602235905826092,1.0,0.5885416666666666,0.3958333333333333,0.0,nan,nan,0.015625,0.009644759818911552,1.0,0.4694010416666667,0.20572916666666666,0.0
compiler_trace,trace_bootstrap,1000,1000,4.0010050724959e-05,True,1.0,9.9633971331059e-06,5.023539415560663e-06,1.0529953442528495e-06,1.2887829825558583e-06,6.426121501590387e-08,4.3842339891853044e-07,7.108033059921581e-06,nan,nan,0.9921875,0.9917871952056885,1.0,1.0,0.9973958333333334,0.9921875,nan,nan,0.0,0.004378868266940117,1.0,0.5846354166666666,0.3958333333333333,0.0,nan,nan,0.0078125,0.008517803624272346,1.0,0.4674479166666667,0.205078125,0.0
