run,phase,epoch,loss,action_accuracy,kind_accuracy,slot_accuracy,op_accuracy,arg_accuracy,stop_accuracy,rank_pair_accuracy,solved_bce,distance_mae,train_states,stop_labels
smoke_search_rollout_distill_guided_20260624,bc_policy,1,6.295316806861332,0.07142857142857142,0.35714285714285715,0.25,0.1875,0.125,0.0,0.0,0.5160445783819471,2.3918554527418956,28,4
smoke_search_rollout_distill_guided_20260624,search_r1_policy,1,5.147802307055547,0.2564102564102564,0.6410256410256411,0.32432432432432434,0.3157894736842105,0.5,0.0,0.22435897435897437,0.2025613968188946,2.827097550416604,39,4
