variant,max_depth,tasks,heldout_covered,train_match_rate,train_match_only,no_train_match
core,1,12,0.08333333333333333,0.16666666666666666,0.08333333333333333,0.8333333333333334
core,2,12,0.08333333333333333,0.16666666666666666,0.08333333333333333,0.8333333333333334
office_table,1,12,0.8333333333333334,0.9166666666666666,0.08333333333333333,0.08333333333333333
office_table,2,12,0.8333333333333334,0.9166666666666666,0.08333333333333333,0.08333333333333333
