run,suite,arm,seed,step,loss,elapsed_s
main_v1_answer_only_s202,main,answer_only,202,1,10.350887656211853,1.6187448501586914
main_v1_answer_only_s202,main,answer_only,202,9,1.6516929104691371,14.410140752792358
main_v1_answer_only_s202,main,answer_only,202,18,0.00890337472083047,28.881378889083862
main_v1_answer_only_s202,main,answer_only,202,27,0.014720984239829704,43.49651765823364
main_v1_answer_only_s202,main,answer_only,202,36,0.08943897782592103,58.01791715621948
main_v1_answer_only_s202,main,answer_only,202,45,0.09204933245200664,72.64197397232056
main_v1_answer_only_s202,main,answer_only,202,48,0.078328736792173,77.42481875419617
