step,loss,lr
1,6.748084306716919,1e-05
10,5.4876949191093445,0.0001
20,0.7312677143941982,0.0002
30,0.4129184344393025,0.0001923879532511287
40,0.020243118126290937,0.00017071067811865476
50,0.06741896903222369,0.000138268343236509
60,0.05900419989366128,0.0001
70,0.18321999269207936,6.173165676349103e-05
80,0.13745458940802563,2.9289321881345254e-05
90,0.32583838515092794,7.612046748871327e-06
100,0.01712163024203619,0.0
