model,length,k,n,pair_accuracy,a_accuracy,b_accuracy,register_accuracy,target_mass,target_nll,top1_on_support
static,4,-1,1024,0.1083984375,nan,nan,nan,0.0788499453125,6.692636012695313,0.1083984375
static,8,-1,1024,0.0380859375,nan,nan,nan,0.0349287255859375,6.857664346679687,0.0380859375
static,12,-1,1024,0.0302734375,nan,nan,nan,0.0322529013671875,6.87038803125,0.0302734375
static,16,-1,1024,0.025390625,nan,nan,nan,0.032264884765625,6.869582176757812,0.025390625
static,24,-1,1024,0.033203125,nan,nan,nan,0.0322535615234375,6.869007825195313,0.033203125
