variant,max_depth,tasks,heldout_covered,train_match_rate,train_match_only,no_train_match
core,1,30,0.1,0.16666666666666666,0.06666666666666667,0.8333333333333334
core,2,30,0.23333333333333334,0.3,0.06666666666666667,0.7
office,1,30,0.7333333333333333,0.8,0.06666666666666667,0.2
office,2,30,0.8666666666666667,0.9333333333333333,0.06666666666666667,0.06666666666666667
office_table,1,30,0.7333333333333333,0.8,0.06666666666666667,0.2
office_table,2,30,0.8666666666666667,0.9333333333333333,0.06666666666666667,0.06666666666666667
