{
  "arm": "random_visible",
  "by_domain": {
    "csv_etl": {
      "candidate_count_mean": 33.266666666666666,
      "filtered_accuracy": 0.9333333333333333,
      "filtered_pass": 28,
      "n": 30,
      "raw_accuracy": 0.9333333333333333,
      "raw_pass": 28,
      "target_exact": 19,
      "target_exact_rate": 0.6333333333333333,
      "visible_pass": 30
    },
    "date_id_irregular": {
      "candidate_count_mean": 23.333333333333332,
      "filtered_accuracy": 0.9444444444444444,
      "filtered_pass": 17,
      "n": 18,
      "raw_accuracy": 0.9444444444444444,
      "raw_pass": 17,
      "target_exact": 3,
      "target_exact_rate": 0.16666666666666666,
      "visible_pass": 18
    }
  },
  "depth_1": {
    "candidate_count_mean": 37.666666666666664,
    "filtered_accuracy": 0.9629629629629629,
    "filtered_pass": 26,
    "n": 27,
    "raw_accuracy": 0.9629629629629629,
    "raw_pass": 26,
    "target_exact": 3,
    "target_exact_rate": 0.1111111111111111,
    "visible_pass": 27
  },
  "depth_2_plus": {
    "candidate_count_mean": 19.095238095238095,
    "filtered_accuracy": 0.9047619047619048,
    "filtered_pass": 19,
    "n": 21,
    "raw_accuracy": 0.9047619047619048,
    "raw_pass": 19,
    "target_exact": 19,
    "target_exact_rate": 0.9047619047619048,
    "visible_pass": 21
  },
  "overall": {
    "candidate_count_mean": 29.541666666666668,
    "filtered_accuracy": 0.9375,
    "filtered_pass": 45,
    "n": 48,
    "raw_accuracy": 0.9375,
    "raw_pass": 45,
    "target_exact": 22,
    "target_exact_rate": 0.4583333333333333,
    "visible_pass": 48
  }
}