{
  "arm": "random_visible",
  "by_domain": {
    "csv_etl": {
      "candidate_count_mean": 33.266666666666666,
      "filtered_accuracy": 0.9,
      "filtered_pass": 27,
      "n": 30,
      "raw_accuracy": 0.9,
      "raw_pass": 27,
      "target_exact": 20,
      "target_exact_rate": 0.6666666666666666,
      "visible_pass": 30
    },
    "date_id_irregular": {
      "candidate_count_mean": 23.333333333333332,
      "filtered_accuracy": 0.8333333333333334,
      "filtered_pass": 15,
      "n": 18,
      "raw_accuracy": 0.9444444444444444,
      "raw_pass": 17,
      "target_exact": 3,
      "target_exact_rate": 0.16666666666666666,
      "visible_pass": 18
    }
  },
  "depth_1": {
    "candidate_count_mean": 37.666666666666664,
    "filtered_accuracy": 0.8518518518518519,
    "filtered_pass": 23,
    "n": 27,
    "raw_accuracy": 0.9259259259259259,
    "raw_pass": 25,
    "target_exact": 4,
    "target_exact_rate": 0.14814814814814814,
    "visible_pass": 27
  },
  "depth_2_plus": {
    "candidate_count_mean": 19.095238095238095,
    "filtered_accuracy": 0.9047619047619048,
    "filtered_pass": 19,
    "n": 21,
    "raw_accuracy": 0.9047619047619048,
    "raw_pass": 19,
    "target_exact": 19,
    "target_exact_rate": 0.9047619047619048,
    "visible_pass": 21
  },
  "overall": {
    "candidate_count_mean": 29.541666666666668,
    "filtered_accuracy": 0.875,
    "filtered_pass": 42,
    "n": 48,
    "raw_accuracy": 0.9166666666666666,
    "raw_pass": 44,
    "target_exact": 23,
    "target_exact_rate": 0.4791666666666667,
    "visible_pass": 48
  }
}