method,tasks,full_exact,row_exact
direct_qwen,30,0.4666666666666667,0.6944444444444444
locked_rule_qwen,30,0.43333333333333335,0.5944444444444444
shuffled_rule_qwen,30,0.3333333333333333,0.5833333333333334
