split,source_examples,prefix_samples,exact_positive_samples,found_positive_samples,q_positive_samples,q_extra_positive_samples,exact_negative_samples,found_negative_samples,exact_positive_rate,found_positive_rate,q_positive_rate,q_extra_positive_rate,mean_q_value,mean_nonzero_q_value,mean_correct_rank
train,128,15712,677,10797,10797,10120,15035,4915,0.04308808553971487,0.6871817718940937,0.6871817718940937,0.6440936863543788,0.21048713960782267,0.3063048937221552,8.68333796424933
val,64,7767,350,5465,5465,5115,7417,2302,0.04506244367194541,0.7036178704776619,0.7036178704776619,0.6585554268057165,0.19437040232199487,0.27624426620950304,9.471546203110705
