run,phase,epoch,loss,action_accuracy,kind_accuracy,slot_accuracy,op_accuracy,arg_accuracy,stop_accuracy,solved_bce,distance_mae,train_states,stop_labels
smoke_dense_state_dagger,bc_policy,1,5.822182182912473,0.07407407407407407,0.6666666666666666,0.24074074074074073,0.24390243902439024,0.0,0.0,0.25097800349747695,3.9392031055909618,54,3
smoke_dense_state_dagger,dagger_r1_policy,1,3.767629615437144,0.41025641025641024,0.8076923076923077,0.5394736842105263,0.5692307692307692,0.0,0.0,0.12299139683063214,3.3829145981715274,78,3
