{
  "mode": "static",
  "args": {
    "mode": "static",
    "seed": 41,
    "modulus": 31,
    "observe_mod": 5,
    "observe_prob": 0.3,
    "op_family": "full",
    "query_family": "all",
    "train_min_len": 1,
    "train_max_len": 8,
    "eval_lengths": "4,8,12,16,24",
    "eval_k": "0,1,2,4,8,12,16,24",
    "eval_query_types": "all",
    "transition_temperature": 1.0,
    "dim": 128,
    "heads": 4,
    "compiler_layers": 2,
    "dropout": 0.05,
    "train_steps": 1000,
    "batch_size": 512,
    "eval_batch_size": 512,
    "eval_examples": 512,
    "lr": 0.001,
    "weight_decay": 0.0,
    "max_grad_norm": 1.0,
    "log_every": 100,
    "eval_every": 1000,
    "output_dir": "experiments/query_filter_executor/runs/control_static_mod31",
    "checkpoint_dir": "large_artifacts/query_filter_executor/checkpoints/control_static_mod31"
  },
  "env": {
    "python": "3.12.3",
    "torch": "2.8.0+cu128",
    "device": "cuda",
    "cuda_name": "NVIDIA RTX 6000 Ada Generation"
  },
  "train": [
    {
      "step": 1,
      "loss": 3.43638277053833,
      "grad_norm": 0.042819421738386154,
      "query_target_mass": 0.3550441861152649,
      "query_target_nll": 3.43638277053833,
      "query_top1_on_support": 0.3359375,
      "mean_query_support_size": 11.01171875,
      "belief_target_mass": 0.013961570337414742,
      "belief_target_nll": 6.890905380249023,
      "belief_top1_on_support": 0.01953125,
      "mean_belief_support_size": 13.4609375
    },
    {
      "step": 100,
      "loss": 3.3132381439208984,
      "grad_norm": 0.18016226589679718,
      "query_target_mass": 0.4028978645801544,
      "query_target_nll": 3.3132381439208984,
      "query_top1_on_support": 0.4609375,
      "mean_query_support_size": 11.3984375,
      "belief_target_mass": 0.026167117059230804,
      "belief_target_nll": 6.451398849487305,
      "belief_top1_on_support": 0.083984375,
      "mean_belief_support_size": 13.009765625
    },
    {
      "step": 200,
      "loss": 3.2012012004852295,
      "grad_norm": 0.21064920723438263,
      "query_target_mass": 0.43794000148773193,
      "query_target_nll": 3.2012014389038086,
      "query_top1_on_support": 0.5,
      "mean_query_support_size": 11.18359375,
      "belief_target_mass": 0.04191315919160843,
      "belief_target_nll": 6.190781116485596,
      "belief_top1_on_support": 0.09765625,
      "mean_belief_support_size": 12.96875
    },
    {
      "step": 300,
      "loss": 3.1461009979248047,
      "grad_norm": 0.20417386293411255,
      "query_target_mass": 0.45653393864631653,
      "query_target_nll": 3.1461009979248047,
      "query_top1_on_support": 0.48828125,
      "mean_query_support_size": 11.3203125,
      "belief_target_mass": 0.06389781087636948,
      "belief_target_nll": 5.929658889770508,
      "belief_top1_on_support": 0.1484375,
      "mean_belief_support_size": 13.482421875
    },
    {
      "step": 400,
      "loss": 3.104867935180664,
      "grad_norm": 0.20468881726264954,
      "query_target_mass": 0.47964948415756226,
      "query_target_nll": 3.104867935180664,
      "query_top1_on_support": 0.52734375,
      "mean_query_support_size": 11.38671875,
      "belief_target_mass": 0.0881127268075943,
      "belief_target_nll": 5.89920711517334,
      "belief_top1_on_support": 0.154296875,
      "mean_belief_support_size": 13.396484375
    },
    {
      "step": 500,
      "loss": 3.078181266784668,
      "grad_norm": 0.21812260150909424,
      "query_target_mass": 0.46127912402153015,
      "query_target_nll": 3.078181505203247,
      "query_top1_on_support": 0.494140625,
      "mean_query_support_size": 10.595703125,
      "belief_target_mass": 0.08920951187610626,
      "belief_target_nll": 5.813586235046387,
      "belief_top1_on_support": 0.146484375,
      "mean_belief_support_size": 13.04296875
    },
    {
      "step": 600,
      "loss": 3.064126968383789,
      "grad_norm": 0.19166021049022675,
      "query_target_mass": 0.48640722036361694,
      "query_target_nll": 3.064126968383789,
      "query_top1_on_support": 0.52734375,
      "mean_query_support_size": 11.744140625,
      "belief_target_mass": 0.095870241522789,
      "belief_target_nll": 5.745628356933594,
      "belief_top1_on_support": 0.123046875,
      "mean_belief_support_size": 13.302734375
    },
    {
      "step": 700,
      "loss": 3.052218437194824,
      "grad_norm": 0.19240005314350128,
      "query_target_mass": 0.5219005346298218,
      "query_target_nll": 3.052218437194824,
      "query_top1_on_support": 0.564453125,
      "mean_query_support_size": 12.212890625,
      "belief_target_mass": 0.12308861315250397,
      "belief_target_nll": 5.764115333557129,
      "belief_top1_on_support": 0.162109375,
      "mean_belief_support_size": 14.20703125
    },
    {
      "step": 800,
      "loss": 3.0537140369415283,
      "grad_norm": 0.19113096594810486,
      "query_target_mass": 0.4729609787464142,
      "query_target_nll": 3.0537140369415283,
      "query_top1_on_support": 0.505859375,
      "mean_query_support_size": 11.01171875,
      "belief_target_mass": 0.10793302953243256,
      "belief_target_nll": 5.737422943115234,
      "belief_top1_on_support": 0.1484375,
      "mean_belief_support_size": 13.115234375
    },
    {
      "step": 900,
      "loss": 3.054020643234253,
      "grad_norm": 0.19229742884635925,
      "query_target_mass": 0.4942055940628052,
      "query_target_nll": 3.054020643234253,
      "query_top1_on_support": 0.533203125,
      "mean_query_support_size": 11.404296875,
      "belief_target_mass": 0.1253974735736847,
      "belief_target_nll": 5.61956787109375,
      "belief_top1_on_support": 0.15234375,
      "mean_belief_support_size": 13.123046875
    },
    {
      "step": 1000,
      "loss": 2.9930813312530518,
      "grad_norm": 0.20468230545520782,
      "query_target_mass": 0.47673189640045166,
      "query_target_nll": 2.9930813312530518,
      "query_top1_on_support": 0.521484375,
      "mean_query_support_size": 10.3828125,
      "belief_target_mass": 0.14258362352848053,
      "belief_target_nll": 5.541831970214844,
      "belief_top1_on_support": 0.181640625,
      "mean_belief_support_size": 12.76171875
    }
  ],
  "eval": [
    {
      "step": 1000,
      "rows": [
        {
          "model": "static",
          "length": 4,
          "query_type": "A",
          "k": -1,
          "n": 512,
          "query_target_mass": 0.49852433800697327,
          "query_target_nll": 2.9122560024261475,
          "query_top1_on_support": 0.5390625,
          "mean_query_support_size": 9.828125,
          "belief_target_mass": 0.06685863435268402,
          "belief_target_nll": 5.758444786071777,
          "belief_top1_on_support": 0.12890625,
          "mean_belief_support_size": 11.744140625
        },
        {
          "model": "static",
          "length": 4,
          "query_type": "B",
          "k": -1,
          "n": 512,
          "query_target_mass": 0.5393863916397095,
          "query_target_nll": 2.970505475997925,
          "query_top1_on_support": 0.583984375,
          "mean_query_support_size": 11.900390625,
          "belief_target_mass": 0.0633905753493309,
          "belief_target_nll": 5.954442024230957,
          "belief_top1_on_support": 0.111328125,
          "mean_belief_support_size": 13.982421875
        },
        {
          "model": "static",
          "length": 4,
          "query_type": "A_PLUS_B",
          "k": -1,
          "n": 512,
          "query_target_mass": 0.4584640562534332,
          "query_target_nll": 3.2853167057037354,
          "query_top1_on_support": 0.505859375,
          "mean_query_support_size": 12.833984375,
          "belief_target_mass": 0.06146286055445671,
          "belief_target_nll": 5.8652143478393555,
          "belief_top1_on_support": 0.103515625,
          "mean_belief_support_size": 13.677734375
        },
        {
          "model": "static",
          "length": 4,
          "query_type": "A_MINUS_B",