step,loss,pos_loss,margin_loss,lr
1,7.862643778324127,7.640625,0.2220187783241272,1e-05
10,6.253777536796406,6.11015625,0.1436212867964059,0.0001
20,1.1059367590281908,0.9993034482002259,0.10663331082796504,0.0002
30,0.6702620952026337,0.6265080809593201,0.04375401424331358,0.00018660254037844388
40,0.07670615670395531,0.051852067932486534,0.024854088771468774,0.00015000000000000001
50,0.4425394782966669,0.3990345735102892,0.04350490478637768,0.0001
60,0.09408931998951715,0.06804512813687325,0.026044191852643905,5.000000000000002e-05
70,0.1414334960537751,0.12624723464250565,0.015186261411269442,1.339745962155613e-05
80,0.10990538145627371,0.09409906268119812,0.015806318775075594,0.0
