run,suite,arm,seed,step,loss,elapsed_s
main_v1_python_s202,main,python,202,1,7.441002011299133,1.643211841583252
main_v1_python_s202,main,python,202,9,0.6501123085618019,14.645169496536255
main_v1_python_s202,main,python,202,18,0.006901761633343995,29.246487379074097
main_v1_python_s202,main,python,202,27,0.0376412735786289,43.828680753707886
main_v1_python_s202,main,python,202,36,0.0882454349193722,58.45288014411926
main_v1_python_s202,main,python,202,45,0.019266986520960927,73.27884674072266
main_v1_python_s202,main,python,202,48,0.026215775782475248,78.20405340194702
