model,length,k,n,target_mass,target_nll,top1_on_support,mean_support_size
joint,2,0,32,0.0892857164144516,16.448065757751465,0.15625,3.875
joint,2,1,32,0.10111545771360397,6.8356428146362305,0.25,3.875
joint,2,2,32,0.10444788634777069,3.6242780685424805,0.46875,3.875
joint,2,3,32,0.10444788634777069,3.6242780685424805,0.46875,3.875
joint,3,0,32,0.1071428582072258,15.34433650970459,0.09375,3.09375
joint,3,1,32,0.10409041121602058,7.9608001708984375,0.21875,3.09375
joint,3,2,32,0.09276996180415154,5.211313247680664,0.21875,3.09375
joint,3,3,32,0.09761938452720642,3.61570143699646,0.3125,3.09375
