model,length,k,n,target_mass,target_nll,top1_on_support,mean_support_size
joint,2,0,32,0.0982142873108387,16.965001106262207,0.28125,4.3125
joint,2,1,32,0.11928315460681915,7.890988826751709,0.25,4.3125
joint,2,2,32,0.12381859868764877,3.6382250785827637,0.28125,4.3125
joint,2,3,32,0.12381859868764877,3.6382250785827637,0.28125,4.3125
joint,3,0,32,0.066964291036129,17.998873710632324,0.09375,3.25
joint,3,1,32,0.07683781906962395,8.502522468566895,0.09375,3.25
joint,3,2,32,0.07261049747467041,4.873301267623901,0.125,3.25
joint,3,3,32,0.07484056055545807,3.8152248859405518,0.28125,3.25
