step,loss,lr
1,6.794504642486572,1e-05
5,7.171772694587707,5e-05
10,4.775053930282593,0.0001
15,1.7940666755661367,0.00015000000000000001
20,0.3175875360255304,0.0002
25,0.25526981497750967,0.00018660254037844388
30,0.00930647120840149,0.00015000000000000001
35,0.2202806350433093,0.0001
40,0.42234742097170963,5.000000000000002e-05
45,0.23184432260441099,1.339745962155613e-05
50,0.1753237324362999,0.0
