run,suite,arm,seed,step,loss,elapsed_s
main_v1_program_stack_s101,main,program_stack,101,1,10.997229814529419,1.6684117317199707
main_v1_program_stack_s101,main,program_stack,101,9,0.8901708126068115,14.616718530654907
main_v1_program_stack_s101,main,program_stack,101,18,0.01241449755616486,29.179017305374146
main_v1_program_stack_s101,main,program_stack,101,27,0.002424331963993609,43.75512719154358
main_v1_program_stack_s101,main,program_stack,101,36,0.0005417839129222557,58.25357508659363
main_v1_program_stack_s101,main,program_stack,101,45,0.0017523976202937774,72.65654134750366
main_v1_program_stack_s101,main,program_stack,101,48,0.00041381932533113286,77.47355341911316
