run,suite,arm,seed,step,loss,elapsed_s
pilot_v1_json_s101,pilot,json,101,1,3.952310085296631,0.8965768814086914
pilot_v1_json_s101,pilot,json,101,4,2.2224095463752747,3.535055637359619
pilot_v1_json_s101,pilot,json,101,8,0.7063499987125397,6.9781575202941895
pilot_v1_json_s101,pilot,json,101,12,0.21437779255211353,10.410474300384521
pilot_v1_json_s101,pilot,json,101,16,0.07267722114920616,13.863390684127808
pilot_v1_json_s101,pilot,json,101,20,0.08854440972208977,17.286383867263794
pilot_v1_json_s101,pilot,json,101,24,0.07175081968307495,20.69805121421814
