{
  "aggregate": 0.4243736886207475,
  "per_family": {
    "chronicle": 0.7,
    "lockpick": 0.2,
    "menders": 0.0,
    "mirage": 0.7,
    "rites": 0.4,
    "siftstack": 0.7,
    "sirens": 0.4,
    "stockade": 0.17707021954080776,
    "toolsmith": 0.7,
    "warren": 0.26666666666666666
  },
  "within_budget": false,
  "wall_seconds": 2940.5
}
