{
  "aggregate": 0.1606923076923077,
  "per_family": {
    "chronicle": 0.2,
    "lockpick": 0.0,
    "menders": 0.0,
    "mirage": 0.0,
    "rites": 0.2,
    "siftstack": 0.0,
    "sirens": 0.3,
    "stockade": 0.07692307692307693,
    "toolsmith": 0.5633333333333332,
    "warren": 0.26666666666666666
  },
  "within_budget": false,
  "wall_seconds": 2049.3
}
