{
  "aggregate": 0.4458333333333333,
  "per_family": {
    "chronicle": 0.75,
    "lockpick": 0.25,
    "menders": 0.020833333333333332,
    "mirage": 0.875,
    "rites": 0.0,
    "siftstack": 0.75,
    "sirens": 0.375,
    "stockade": 0.1875,
    "toolsmith": 1.0,
    "warren": 0.25
  },
  "within_budget": false,
  "wall_seconds": 269.8
}
