{
  "aggregate": 0.13958333333333334,
  "per_family": {
    "chronicle": 0.125,
    "lockpick": 0.0,
    "menders": 0.0,
    "mirage": 0.0,
    "rites": 0.125,
    "siftstack": 0.0,
    "sirens": 0.375,
    "stockade": 0.125,
    "toolsmith": 0.6458333333333334,
    "warren": 0.0
  },
  "within_budget": false,
  "wall_seconds": 189.9
}
