{
  "aggregate": 0.37916666666666665,
  "per_family": {
    "chronicle": 0.625,
    "lockpick": 0.0,
    "menders": 0.0,
    "mirage": 0.875,
    "rites": 0.0,
    "siftstack": 0.625,
    "sirens": 0.375,
    "stockade": 0.16666666666666669,
    "toolsmith": 1.0,
    "warren": 0.125
  },
  "within_budget": false,
  "wall_seconds": 269.8
}
