run,phase,epoch,loss,action_accuracy,kind_accuracy,slot_accuracy,op_accuracy,arg_accuracy,stop_accuracy,solved_bce,distance_mae,train_states,stop_labels
pilot_dense_state_dagger_s96_r2,bc_policy,1,4.948842935779836,0.35051546391752575,0.8291605301914581,0.6191304347826087,0.42278481012658226,0.09444444444444444,0.8076923076923077,0.282915448492862,2.9082424849798474,679,91
pilot_dense_state_dagger_s96_r2,bc_policy,2,3.058018475332035,0.48600883652430044,0.9396170839469808,0.9448160535117057,0.5825471698113207,0.12643678160919541,0.7777777777777778,0.1531066377050571,2.363699783698624,679,91
pilot_dense_state_dagger_s96_r2,dagger_r1_policy,1,1.8886204543946818,0.6868686868686869,0.9356060606060606,0.9597780859916782,0.803448275862069,0.2198581560283688,0.6901408450704225,0.12347015643708709,2.4085714100587245,792,106
pilot_dense_state_dagger_s96_r2,dagger_r2_policy,1,2.415291690521875,0.5678733031674208,0.8891402714932126,0.7765273311897106,0.6776491540516474,0.12396694214876033,0.3170731707317073,0.12662445247766096,2.4922685128711106,1326,130
