method,tasks,row_exact,full_task_exact,used_program_rate,helped_vs_direct,hurt_vs_direct
direct_qwen_row,3,0.8888888888888888,0.6666666666666666,,0,0
direct_qwen_batch,3,0.8888888888888888,0.6666666666666666,,0,0
program_ceg_gated,3,0.8888888888888888,0.6666666666666666,0.3333333333333333,0,0
program_ceg_router,3,0.8888888888888888,0.6666666666666666,0.3333333333333333,0,0
program_visible,3,0.5555555555555555,0.3333333333333333,1.0,0,1
program_ceg,3,0.5555555555555555,0.3333333333333333,1.0,0,1
program_random_probe,3,0.5555555555555555,0.3333333333333333,1.0,0,1
program_shuffled_probe_labels,3,0.5555555555555555,0.3333333333333333,1.0,0,1
hidden_candidate_oracle,3,0.5555555555555555,0.3333333333333333,1.0,0,1
