{
  "aggregate": 0.31191242937853103,
  "backend": "qwen_vllm",
  "benchmark_runner_sha256": "a3beecd8b5c89ccfd99a172a6d85321d39b9feb6c29d12f10b2f4d7499e273cb",
  "benchmark_source_file_count": 56,
  "benchmark_source_inventory_sha256": "218b8615a95f24da962c931e9cd2dba58d853a7bdcd2847cd8e2c42fc2c05f42",
  "model": "/home/ericflo/Development/small-model-experimentation/large_artifacts/qwen35_4b_clean_path_statechain_extension/merged/replay_ctl4",
  "model_merge_receipt_sha256": "bd60398525435b47172b10f3a692da69d3e6aa49b1663fa9503585ce69956250",
  "per_family": {
    "chronicle": 0.6,
    "lockpick": 0.1,
    "menders": 0.0,
    "mirage": 0.3,
    "rites": 0.0,
    "siftstack": 0.6,
    "sirens": 0.4,
    "stockade": 0.13245762711864406,
    "toolsmith": 0.72,
    "warren": 0.26666666666666666
  },
  "schema_version": 1,
  "seed": 78160,
  "stage": "menagerie_aggregate_gateway",
  "think_budget": 1024,
  "tier": "medium",
  "wall_seconds": 236.72317176195793,
  "within_budget": true
}
