length,best_target_mass_before_k_ge_l,first_k_ge_l,target_mass_at_first_k_ge_l,top1_at_first_k_ge_l,target_nll_at_first_k_ge_l
4,0.1451847412109375,4,0.977619587890625,1.0,3.456639885742188
8,0.0572537060546875,8,0.9570027880859376,1.0,3.47798883984375
12,0.0555810400390625,12,0.9355152841796875,1.0,3.50073218359375
16,0.0519055615234375,16,0.9158811865234376,1.0,3.5220009091796878
24,0.03792431640625,24,0.8735854326171875,1.0,3.5693570380859376
