{
  "mode": "hook",
  "train": [
    {
      "step": 1,
      "loss": 10.4596529006958,
      "delta_rms": 7.713351806160063e-06,
      "scale": 0.05000000074505806,
      "gate_entropy": 1.376461148262024,
      "mem_rms": 0.23590049147605896
    },
    {
      "step": 2,
      "loss": 10.390028953552246,
      "delta_rms": 4.302801607991569e-05,
      "scale": 0.05001028999686241,
      "gate_entropy": 1.3784476518630981,
      "mem_rms": 0.14808808267116547
    },
    {
      "step": 3,
      "loss": 10.31828498840332,
      "delta_rms": 7.911864668130875e-05,
      "scale": 0.050018828362226486,
      "gate_entropy": 1.3756139278411865,
      "mem_rms": 0.23277102410793304
    }
  ],
  "eval": [
    {
      "step": 3,
      "val": {
        "0": 0.0,
        "1": 0.0,
        "2": 0.0,
        "4": 0.0,
        "8": 0.0
      },
      "hard": {
        "0": 0.0,
        "1": 0.0,
        "2": 0.0,
        "4": 0.0,
        "8": 0.0
      }
    }
  ]
}