run,suite,arm,seed,step,loss,elapsed_s
pilot_v1_program_python_s101,pilot,program_python,101,1,5.058686971664429,0.9024293422698975
pilot_v1_program_python_s101,pilot,program_python,101,4,3.833732843399048,3.5227508544921875
pilot_v1_program_python_s101,pilot,program_python,101,8,1.0786992311477661,7.0260467529296875
pilot_v1_program_python_s101,pilot,program_python,101,12,0.21950987167656422,10.563305139541626
pilot_v1_program_python_s101,pilot,program_python,101,16,0.22493331972509623,14.0436692237854
pilot_v1_program_python_s101,pilot,program_python,101,20,0.09108007978647947,17.546288013458252
pilot_v1_program_python_s101,pilot,program_python,101,24,0.0017639581492403522,21.027836799621582
