run,phase,epoch,loss,action_accuracy,kind_accuracy,slot_accuracy,op_accuracy,arg_accuracy,stop_accuracy,rank_pair_accuracy,solved_bce,distance_mae,train_states,stop_labels
main_search_r1_rank00_e2_20260624,bc_policy,1,3.786144724828951,0.3729189789123196,0.827968923418424,0.6023622047244095,0.43478260869565216,0.2145922746781116,0.8776978417266187,0.0,0.23833427239172203,2.6565259589744397,901,122
main_search_r1_rank00_e2_20260624,bc_policy,2,1.9984147093867621,0.6004439511653719,0.9345172031076582,0.9080459770114943,0.6597353497164461,0.4409448818897638,0.8050847457627118,0.0,0.15510986730886353,2.0417049519539905,901,122
main_search_r1_rank00_e2_20260624,search_r1_policy,1,3.4473960235303664,0.3822665883734586,0.648854961832061,0.6,0.41952983725135623,0.4257932446264074,0.7341040462427746,0.5517469172049325,0.20028159623780778,2.0431845399014614,1703,177
main_search_r1_rank00_e2_20260624,search_r1_policy,2,2.433889346233341,0.5044039929536113,0.7069876688197299,0.6733118971061093,0.48576512455516013,0.595166163141994,0.7972972972972973,0.6208162066940693,0.11550955624383596,1.7022833970281843,1703,177
