run,suite,arm,seed,step,loss,elapsed_s
main_v1_answer_s202,main,answer,202,1,14.005533456802368,1.7205402851104736
main_v1_answer_s202,main,answer,202,9,0.19429468782618642,14.815006732940674
main_v1_answer_s202,main,answer,202,18,0.013983720098622143,29.40517520904541
main_v1_answer_s202,main,answer,202,27,0.03819038666551933,44.13518929481506
main_v1_answer_s202,main,answer,202,36,0.27943893417250365,58.945202589035034
main_v1_answer_s202,main,answer,202,45,0.020470470044529065,73.47875618934631
main_v1_answer_s202,main,answer,202,48,0.16938744066283107,78.2798330783844
