run,suite,arm,seed,step,loss,elapsed_s
main_v1_stack_s202,main,stack,202,1,10.101187825202942,1.6488735675811768
main_v1_stack_s202,main,stack,202,9,0.9631890058517456,14.759325504302979
main_v1_stack_s202,main,stack,202,18,0.013925334205850959,29.605570077896118
main_v1_stack_s202,main,stack,202,27,0.013882552389986813,44.55061316490173
main_v1_stack_s202,main,stack,202,36,0.06912455042765941,59.366623401641846
main_v1_stack_s202,main,stack,202,45,0.011039861426979769,74.15001106262207
main_v1_stack_s202,main,stack,202,48,0.020500116908806376,79.0907940864563
