length,best_before_k_reaches_length,first_accuracy_at_k_ge_length
4,0.005859375,1.0
8,0.0009765625,1.0
12,0.00146484375,1.0
16,0.00244140625,1.0
24,0.00048828125,1.0
