step,loss,pos_loss,margin_loss,lr
1,7.15234375,7.15234375,0.0,1e-05
5,6.25078125,6.25078125,0.0,5e-05
10,5.841796875,5.841796875,0.0,0.0001
15,1.8118408203125,1.8118408203125,0.0,0.00015000000000000001
20,0.0066121935844421385,0.0066121935844421385,0.0,0.0002
25,0.3103683114051819,0.3103683114051819,0.0,0.00017071067811865476
30,0.6697017431259156,0.6697017431259156,0.0,0.0001
35,0.18686244487762452,0.18686244487762452,0.0,2.9289321881345254e-05
40,0.029048869013786317,0.029048869013786317,0.0,0.0
