run,stage,stage_idx,local_step,global_step,compiler_max_steps,elapsed_sec,expansion_event,init_loss,op_loss,arg_loss,state_loss,state_train_accuracy,executor_loss,loss
smoke_qwen_structural_expansion,stage1_max8,1,1,1,8,1.083,init,4.627433776855469,1.0218236446380615,4.819574356079102,4.579990386962891,0.0,4.5796217918396,16.193450927734375
smoke_qwen_structural_expansion,stage2_max16,2,1,2,16,2.366,expand_8_to_16,4.443595886230469,1.0334206819534302,4.619872093200684,4.5811357498168945,0.0,4.581022262573242,15.82319450378418
smoke_qwen_structural_expansion,stage3_max24,3,1,3,24,4.421,expand_16_to_24,4.471540451049805,1.1556838750839233,4.533812999725342,4.580985069274902,0.0,4.581622123718262,15.887906074523926
