step,loss,pos_loss,margin_loss,lr
1,6.176548033952713,5.98046875,0.196079283952713,1e-05
10,6.120761450380087,5.9734375,0.1473239503800869,0.0001
20,0.9552224847890102,0.8415739059448242,0.11364857884418597,0.0002
30,0.12501994172453124,0.052242580056190493,0.07277736166834074,0.00018660254037844388
40,1.0376006210139395,0.9819765329360962,0.05562408807784323,0.00015000000000000001
50,0.22383042299009048,0.1482403516769409,0.07559007131314957,0.0001
60,0.06857022886979394,0.008572977781295777,0.05999725108849816,5.000000000000002e-05
70,0.2574089721609994,0.21327638626098633,0.04413258590001305,1.339745962155613e-05
80,0.2583415199580486,0.21729956865310668,0.041041951304941905,0.0
