run,suite,arm,seed,step,loss,elapsed_s
main_v1_trace_stack_final_s202,main,trace_stack_final,202,1,7.626878380775452,1.6448631286621094
main_v1_trace_stack_final_s202,main,trace_stack_final,202,9,0.9219773262739182,14.655445098876953
main_v1_trace_stack_final_s202,main,trace_stack_final,202,18,0.018161331914598122,29.233064651489258
main_v1_trace_stack_final_s202,main,trace_stack_final,202,27,0.029136056633433327,43.87870144844055
main_v1_trace_stack_final_s202,main,trace_stack_final,202,36,0.016764409374445677,58.535422563552856
main_v1_trace_stack_final_s202,main,trace_stack_final,202,45,0.03955824184959056,73.16798543930054
main_v1_trace_stack_final_s202,main,trace_stack_final,202,48,0.03328216410591267,77.99954557418823
