{
  "aggregate": 0.32689519295781977,
  "backend": "qwen_vllm",
  "benchmark_runner_sha256": "a3beecd8b5c89ccfd99a172a6d85321d39b9feb6c29d12f10b2f4d7499e273cb",
  "benchmark_source_file_count": 56,
  "benchmark_source_inventory_sha256": "218b8615a95f24da962c931e9cd2dba58d853a7bdcd2847cd8e2c42fc2c05f42",
  "model": "/home/ericflo/Development/small-model-experimentation/large_artifacts/qwen35_4b_count_dont_walk_enumeration/merged/count_walk",
  "model_merge_receipt_sha256": "3c432f110fe96a508d6a75ab34e4a649671a3d7b2d942f3346cab609bef437d7",
  "per_family": {
    "chronicle": 0.5,
    "lockpick": 0.3,
    "menders": 0.0,
    "mirage": 0.3,
    "rites": 0.1,
    "siftstack": 0.4,
    "sirens": 0.3,
    "stockade": 0.2522852629115307,
    "toolsmith": 0.8,
    "warren": 0.31666666666666665
  },
  "schema_version": 1,
  "seed": 78166,
  "stage": "menagerie_aggregate_gateway",
  "think_budget": 1024,
  "tier": "medium",
  "wall_seconds": 141.3245964620728,
  "within_budget": true
}
