run,phase,epoch,loss,action_accuracy,kind_accuracy,slot_accuracy,op_accuracy,arg_accuracy,stop_accuracy,rank_pair_accuracy,solved_bce,distance_mae,train_states,stop_labels
pilot_search_r2_rank05_20260624,bc_policy,1,4.436480348892593,0.29490022172949004,0.7738359201773836,0.5739795918367347,0.33093525179856115,0.13157894736842105,0.7796610169491526,0.0,0.2892369183891364,2.769469340796481,451,60
pilot_search_r2_rank05_20260624,bc_policy,2,2.430775364790682,0.5277161862527716,0.9135254988913526,0.8611825192802056,0.5653846153846154,0.4263565891472868,0.8225806451612904,0.0,0.17909210036506673,2.4430774500523333,451,60
pilot_search_r2_rank05_20260624,search_r1_policy,1,4.510776972877016,0.2801678908709339,0.6054564533053515,0.5324232081911263,0.18944099378881987,0.3644524236983842,0.7972972972972973,0.5355456453305352,0.11507089479444285,2.5492928648232662,953,69
