split,source_examples,prefix_samples,exact_positive_samples,found_positive_samples,q_positive_samples,q_extra_positive_samples,exact_negative_samples,found_negative_samples,exact_positive_rate,found_positive_rate,q_positive_rate,q_extra_positive_rate,mean_q_value,mean_nonzero_q_value,mean_correct_rank
train,32,1386,173,754,754,581,1213,632,0.12481962481962482,0.5440115440115441,0.5440115440115441,0.41919191919191917,0.24813481460288672,0.4561204947474814,3.616710875331565
val,16,728,101,395,395,294,627,333,0.13873626373626374,0.5425824175824175,0.5425824175824175,0.40384615384615385,0.27251302032722946,0.5022518450587925,3.711392405063291
