run,label_mode,phase,epoch,loss,train_samples,positive_rate,mean_target,val_accuracy,val_auc,val_positive_rate,val_mse,val_bce,val_mean_target
smoke_budgeted_action_value,exact,exact_verifier_train,1,0.9060153018516551,1386,0.12481962481962482,0.12481962481962482,0.885989010989011,0.9783188845200309,0.13873626373626374,0.09088224941715889,0.30520290737018074,0.13873626373626374
smoke_budgeted_action_value,exact,exact_verifier_train,2,0.26563031062978343,1386,0.12481962481962482,0.12481962481962482,0.967032967032967,0.9892620841031472,0.13873626373626374,0.026823681624020653,0.09312359715190065,0.13873626373626374
smoke_budgeted_action_value,found,found_verifier_train,1,0.6084323137525528,1386,0.5440115440115441,0.5440115440115441,0.6195054945054945,0.6750294598395864,0.5425824175824175,0.22523143045391078,0.6394988078644216,0.5425824175824175
smoke_budgeted_action_value,found,found_verifier_train,2,0.5586535824841751,1386,0.5440115440115441,0.5440115440115441,0.6277472527472527,0.6992663549625575,0.5425824175824175,0.20993527574700616,0.597758713982938,0.5425824175824175
smoke_budgeted_action_value,qvalue,qvalue_verifier_train,1,0.9339226756089005,1386,0.5440115440115441,0.24813481460288672,0.7788461538461539,0.6202075493214734,0.5425824175824175,0.11751236245569213,0.49970641098387475,0.2725130212525223
smoke_budgeted_action_value,qvalue,qvalue_verifier_train,2,0.7557643233955681,1386,0.5440115440115441,0.24813481460288672,0.8282967032967034,0.6261603375527426,0.5425824175824175,0.09045798523474746,0.4357247176252228,0.2725130212525223
