split,source_examples,prefix_samples,exact_positive_samples,found_positive_samples,q_positive_samples,q_extra_positive_samples,exact_negative_samples,found_negative_samples,exact_positive_rate,found_positive_rate,q_positive_rate,q_extra_positive_rate,mean_q_value,mean_nonzero_q_value,mean_advantage_value,mean_nonzero_advantage_value,mean_correct_rank
train,512,67233,2876,48472,48472,45596,64357,18761,0.04277661267532313,0.7209554831704669,0.7209554831704669,0.6781788704951438,0.2588376951597281,0.3590203572923337,0.4148015428220612,0.5753497303299976,7.6857360950651925
val,128,16586,731,11940,11940,11209,15855,4646,0.044073314843844205,0.719884239720246,0.719884239720246,0.6758109248764018,0.26215942283420046,0.3641688598934714,0.41550134674112177,0.5771780014278263,6.893383584589615
