run,variant,phase,local_step,step,loss,train_examples,quick_answer_head_accuracy,quick_bytecode_accuracy,quick_program_exact,op_loss,arg_loss,answer_loss
main_budgeted_action_value_s512,frozen_compiler,compiler_train,1,1,6.747566223144531,512,0.0,0.0,0.0,1.9418716430664062,3.879838466644287,4.629281044006348
main_budgeted_action_value_s512,frozen_compiler,compiler_train,150,150,0.9601922631263733,512,0.140625,0.1875,0.078125,0.015168501064181328,0.4142509698867798,2.6538639068603516
main_budgeted_action_value_s512,frozen_compiler,compiler_train,300,300,0.4914642572402954,512,0.203125,0.578125,0.40625,0.005826309323310852,0.04348188638687134,2.210780382156372
main_budgeted_action_value_s512,frozen_compiler,compiler_train,450,450,0.4275440275669098,512,0.15625,0.65625,0.453125,0.0064199548214674,0.010244619101285934,2.0543973445892334
main_budgeted_action_value_s512,frozen_compiler,compiler_train,600,600,0.4287704825401306,512,0.125,0.71875,0.5,0.008530943654477596,0.005408851429820061,2.074153423309326
