{
  "arm": "uplift",
  "model": "/workspace/small-model-experimentation/large_artifacts/qwen35_4b_think_ftpo_round2/merged/uplift",
  "per_family": {
    "brinework": 0.5,
    "burrowmaze": 0.7142857142857143,
    "caravan": 0.5833333333333334,
    "ferrier": 0.9285714285714286,
    "foundry_ledger": 0.5833333333333334,
    "gatepost": 0.7142857142857143,
    "glyphgate": 0.21428571428571427,
    "kilnrite": 0.7142857142857143,
    "loomfix": 0.35714285714285715,
    "runeward": 0.5833333333333334,
    "spindle": 0.5,
    "stallwright": 0.0
  },
  "aggregate_all": 0.5327380952380952,
  "aggregate_trained": 0.5392857142857144,
  "aggregate_heldout": 0.5,
  "forced_close_rate_atoms": 0.9166666666666666,
  "n_atoms": 144,
  "n_episodes": 14,
  "wall_s": 193.57155394554138
}