{
  "smoke": false,
  "source_sha256": {
    "real": "277ca100b344df5f2126b879161e297f0f6a8aed2ea1ae85751f9aba77458647",
    "shuffled": "804e68e43da5c11f6eec6670503355ccc4ab0bfe37688e1dc22fc0832a567900"
  },
  "pool_rows": {
    "real": 615,
    "shuffled": 661
  },
  "qualified_rows": {
    "real": 155,
    "shuffled": 166
  },
  "matched_rows": 155,
  "min_rows_gate": 128,
  "gate_pass": true,
  "filter": {
    "rejected_must_be_argmax": true,
    "min_rejected_minus_chosen_logits": 0.5,
    "min_rejected_probability": 0.5,
    "max_entropy": 1.5,
    "min_varentropy": 0.1,
    "min_chosen_relative_probability": 0.01,
    "max_rows_per_arm": 256,
    "min_rows_gate": 128,
    "selection_seed": 4407,
    "entropy_quartiles": 4
  },
  "quantiles": {
    "real": {
      "rejected_probability_t06": {
        "min": 0.01526475790888071,
        "p10": 0.10620641112327578,
        "p25": 0.21201519668102264,
        "median": 0.39678335189819336,
        "p75": 0.6341683268547058,
        "p90": 0.8257592201232911,
        "max": 0.9547280669212341
      },
      "best_chosen_probability_t06": {
        "min": 0.027351660653948784,
        "p10": 0.09328357428312303,
        "p25": 0.2088140994310379,
        "median": 0.40554478764533997,
        "p75": 0.6463000178337097,
        "p90": 0.8093356966972352,
        "max": 0.9595301747322083
      },
      "rejected_minus_best_chosen_logits": {
        "min": -2.375,
        "p10": -1.125,
        "p25": -0.5,
        "median": 0.0,
        "p75": 0.625,
        "p90": 1.125,
        "max": 2.125
      },
      "entropy_t06": {
        "min": 0.1970670223236084,
        "p10": 0.3954623520374298,
        "p25": 0.5774789154529572,
        "median": 0.692196249961853,
        "p75": 1.090218186378479,
        "p90": 1.3638812541961671,
        "max": 2.4293365478515625
      },
      "varentropy_t06": {
        "min": 1.6927917386055924e-05,
        "p10": 0.07526716142892839,
        "p25": 0.22008675336837769,
        "median": 0.44142037630081177,
        "p75": 0.6931234002113342,
        "p90": 0.877974534034729,
        "max": 2.0701870918273926
      }
    },
    "shuffled": {
      "rejected_probability_t06": {
        "min": 0.021552102640271187,
        "p10": 0.10788881778717041,
        "p25": 0.1979864090681076,
        "median": 0.3973114490509033,
        "p75": 0.6488171815872192,
        "p90": 0.8094063401222229,
        "max": 0.9541438221931458
      },
      "best_chosen_probability_t06": {
        "min": 0.027204446494579315,
        "p10": 0.1106337383389473,
        "p25": 0.21701383590698242,
        "median": 0.39730265736579895,
        "p75": 0.6026476621627808,
        "p90": 0.811277449131012,
        "max": 0.9547280669212341
      },
      "rejected_minus_best_chosen_logits": {
        "min": -2.0,
        "p10": -1.0,
        "p25": -0.5,
        "median": 0.0,
        "p75": 0.5,
        "p90": 1.125,
        "max": 2.125
      },
      "entropy_t06": {
        "min": 0.2024296522140503,
        "p10": 0.3930770456790924,
        "p25": 0.5739686489105225,
        "median": 0.6888079047203064,
        "p75": 1.0246076583862305,
        "p90": 1.339087724685669,
        "max": 2.4293365478515625
      },
      "varentropy_t06": {
        "min": 1.1578317753446754e-06,
        "p10": 0.058194197714328766,
        "p25": 0.20962251722812653,
        "median": 0.43475350737571716,
        "p75": 0.653885006904602,
        "p90": 0.8400827646255493,
        "max": 1.9140357971191406
      }
    }
  },
  "qualified_top_rejected": {
    "real": [
      [
        "and",
        14
      ],
      [
        "the",
        8
      ],
      [
        "`",
        6
      ],
      [
        "based",
        5
      ],
      [
        "final",
        5
      ],
      [
        "identify",
        5
      ],
      [
        "has",
        5
      ],
      [
        ".",
        4
      ],
      [
        "takes",
        4
      ],
      [
        "to",
        4
      ],
      [
        "track",
        4
      ],
      [
        "of",
        4
      ],
      [
        "a",
        4
      ],
      [
        "examples",
        4
      ],
      [
        "]",
        3
      ]
    ],
    "shuffled": [
      [
        "and",
        14
      ],
      [
        "the",
        11
      ],
      [
        "`",
        10
      ],
      [
        "to",
        8
      ],
      [
        "charge",
        6
      ],
      [
        "examples",
        5
      ],
      [
        "whole",
        4
      ],
      [
        "identify",
        4
      ],
      [
        "",
        4
      ],
      [
        "list",
        4
      ],
      [
        "based",
        4
      ],
      [
        "]",
        3
      ],
      [
        "Let",
        3
      ],
      [
        "into",
        3
      ],
      [
        "a",
        3
      ]
    ]
  }
}