{
  "smoke": true,
  "source_sha256": {
    "real": "277ca100b344df5f2126b879161e297f0f6a8aed2ea1ae85751f9aba77458647",
    "shuffled": "804e68e43da5c11f6eec6670503355ccc4ab0bfe37688e1dc22fc0832a567900"
  },
  "pool_rows": {
    "real": 2,
    "shuffled": 2
  },
  "qualified_rows": {
    "real": 1,
    "shuffled": 0
  },
  "matched_rows": 0,
  "min_rows_gate": 128,
  "gate_pass": false,
  "filter": {
    "rejected_must_be_argmax": true,
    "min_rejected_minus_chosen_logits": 0.5,
    "min_rejected_probability": 0.5,
    "max_entropy": 1.5,
    "min_varentropy": 0.1,
    "min_chosen_relative_probability": 0.01,
    "max_rows_per_arm": 256,
    "min_rows_gate": 128,
    "selection_seed": 4407,
    "entropy_quartiles": 4
  },
  "quantiles": {
    "real": {
      "rejected_probability_t06": {
        "min": 0.4770914614200592,
        "p10": 0.5067070454359055,
        "p25": 0.5511304214596748,
        "median": 0.6251693814992905,
        "p75": 0.6992083415389061,
        "p90": 0.7436317175626754,
        "max": 0.7732473015785217
      },
      "best_chosen_probability_t06": {
        "min": 0.20734333992004395,
        "p10": 0.2087629109621048,
        "p25": 0.21089226752519608,
        "median": 0.2144411951303482,
        "p75": 0.21799012273550034,
        "p90": 0.2201194792985916,
        "max": 0.22153905034065247
      },
      "rejected_minus_best_chosen_logits": {
        "min": 0.5,
        "p10": 0.525,
        "p25": 0.5625,
        "median": 0.625,
        "p75": 0.6875,
        "p90": 0.725,
        "max": 0.75
      },
      "entropy_t06": {
        "min": 0.5601769089698792,
        "p10": 0.6243854105472565,
        "p25": 0.7206981629133224,
        "median": 0.8812194168567657,
        "p75": 1.041740670800209,
        "p90": 1.1380534231662751,
        "max": 1.2022619247436523
      },
      "varentropy_t06": {
        "min": 0.335213840007782,
        "p10": 0.3402107357978821,
        "p25": 0.3477060794830322,
        "median": 0.36019831895828247,
        "p75": 0.3726905584335327,
        "p90": 0.38018590211868286,
        "max": 0.38518279790878296
      }
    },
    "shuffled": {
      "rejected_probability_t06": {
        "min": 0.11017445474863052,
        "p10": 0.12138413861393929,
        "p25": 0.13819866441190243,
        "median": 0.16622287407517433,
        "p75": 0.19424708373844624,
        "p90": 0.21106160953640937,
        "max": 0.22227129340171814
      },
      "best_chosen_probability_t06": {
        "min": 0.7758030295372009,
        "p10": 0.7867058694362641,
        "p25": 0.8030601292848587,
        "median": 0.8303172290325165,
        "p75": 0.8575743287801743,
        "p90": 0.8739285886287689,
        "max": 0.884831428527832
      },
      "rejected_minus_best_chosen_logits": {
        "min": -1.25,
        "p10": -1.2,
        "p25": -1.125,
        "median": -1.0,
        "p75": -0.875,
        "p90": -0.8,
        "max": -0.75
      },
      "entropy_t06": {
        "min": 0.3784886598587036,
        "p10": 0.3949984073638916,
        "p25": 0.4197630286216736,
        "median": 0.46103739738464355,
        "p75": 0.5023117661476135,
        "p90": 0.5270763874053955,
        "max": 0.5435861349105835
      },
      "varentropy_t06": {
        "min": 0.3375513553619385,
        "p10": 0.3594591021537781,
        "p25": 0.3923207223415375,
        "median": 0.4470900893211365,
        "p75": 0.5018594563007355,
        "p90": 0.5347210764884949,
        "max": 0.5566288232803345
      }
    }
  },
  "qualified_top_rejected": {
    "real": [
      [
        "based",
        1
      ]
    ],
    "shuffled": []
  }
}