{
  "arm": "uplift",
  "stage": "collapse",
  "model": "/workspace/small-model-experimentation/large_artifacts/qwen35_4b_think_ftpo_round2/merged/uplift",
  "greedy": {
    "n": 120,
    "success": 0.058333333333333334,
    "mean_score": 0.058333333333333334,
    "loop_rate": 0.008333333333333333,
    "unresolved_rate": 0.9916666666666667,
    "answer_limit_rate": 0.7083333333333334,
    "natural_close_rate": 0.0,
    "mean_think_tokens": 1024.0
  },
  "pass@8": 0.10833333333333334,
  "wall_s": 874.0049850940704
}