{
  "arm": "uplift_shuffled",
  "stage": "collapse",
  "model": "/workspace/small-model-experimentation/large_artifacts/qwen35_4b_think_ftpo_round2/merged/uplift_shuffled",
  "greedy": {
    "n": 120,
    "success": 0.06666666666666667,
    "mean_score": 0.06666666666666667,
    "loop_rate": 0.016666666666666666,
    "unresolved_rate": 0.9833333333333333,
    "answer_limit_rate": 0.7083333333333334,
    "natural_close_rate": 0.0,
    "mean_think_tokens": 1024.0
  },
  "pass@8": 0.11666666666666667,
  "wall_s": 867.5915474891663
}