run,variant,phase,local_step,step,loss,train_examples,quick_answer_head_accuracy,quick_bytecode_accuracy,quick_program_exact,op_loss,arg_loss,answer_loss
main_qwen3_4b_qlora_trace_s512,qlora_trace,trace_supervised,1,1,8.251687049865723,512,0.03125,0.015625,0.0,2.2192347049713135,5.0612030029296875,4.8562469482421875
main_qwen3_4b_qlora_trace_s512,qlora_trace,trace_supervised,150,150,1.4140129089355469,512,0.0625,0.125,0.03125,0.04731021821498871,0.5083169937133789,4.291928768157959
main_qwen3_4b_qlora_trace_s512,qlora_trace,trace_supervised,300,300,0.9050041437149048,512,0.09375,0.109375,0.03125,0.026600688695907593,0.3953797221183777,2.415118455886841
main_qwen3_4b_qlora_trace_s512,qlora_trace,trace_supervised,450,450,0.6695443391799927,512,0.125,0.3125,0.203125,0.0027177827432751656,0.37824881076812744,1.4428887367248535
main_qwen3_4b_qlora_trace_s512,qlora_trace,trace_supervised,600,600,0.596495509147644,512,0.125,0.65625,0.59375,0.10794121772050858,0.26059219241142273,1.1398106813430786
