method,rank,mean_score,same_family
corrupt_skill_rag,1,0.7832993480310195,1.0
corrupt_skill_rag,2,0.7016934652433626,0.8333333333333334
corrupt_skill_rag,3,0.6308358281665833,0.8333333333333334
random_skill_rag,1,0.0,0.3333333333333333
random_skill_rag,2,0.0,0.0
random_skill_rag,3,0.0,0.3333333333333333
skill_rag,1,0.7832993480310195,1.0
skill_rag,2,0.7016934652433626,0.8333333333333334
skill_rag,3,0.6308358281665833,0.8333333333333334
