method,tasks,row_exact,full_task_exact,parse_ok,avg_outputs
direct_batch,6,0.8333333333333334,0.6666666666666666,1.0,3.0
random_skill_rag,6,0.7777777777777777,0.6666666666666666,1.0,3.0
direct_row,6,0.7777777777777777,0.6666666666666666,1.0,3.0
skill_rag,6,0.611111111111111,0.5,1.0,3.0
corrupt_skill_rag,6,0.5555555555555555,0.3333333333333333,1.0,3.0
