model,length,k,n,pair_accuracy,a_accuracy,b_accuracy,register_accuracy,target_mass,target_nll,top1_on_support
static,3,-1,1024,0.2529296875,nan,nan,nan,0.1844290498046875,4.500460385742188,0.2529296875
static,6,-1,1024,0.1103515625,nan,nan,nan,0.101009751953125,4.765430926757812,0.1103515625
static,9,-1,1024,0.0986328125,nan,nan,nan,0.0914890693359375,4.797176838867188,0.0986328125
static,12,-1,1024,0.1005859375,nan,nan,nan,0.0910594765625,4.801716328125,0.1005859375
