model,length,k,n,pair_accuracy,a_accuracy,b_accuracy,register_accuracy,target_mass,target_nll,top1_on_support
static,3,-1,1024,0.2421875,nan,nan,nan,0.166449501953125,4.55965066015625,0.2421875
static,6,-1,1024,0.1123046875,nan,nan,nan,0.0959849365234375,4.783015250976563,0.1123046875
static,9,-1,1024,0.087890625,nan,nan,nan,0.0930548427734375,4.793198109375,0.087890625
static,12,-1,1024,0.1015625,nan,nan,nan,0.09187921875,4.7991352080078125,0.1015625
