model,length,k,n,pair_accuracy,a_accuracy,b_accuracy,register_accuracy,target_mass,target_nll,top1_on_support
static,3,-1,1024,0.17578125,nan,nan,nan,0.1218254560546875,4.6795709140625,0.17578125
static,6,-1,1024,0.10546875,nan,nan,nan,0.0962012109375,4.782914638671875,0.10546875
static,9,-1,1024,0.0986328125,nan,nan,nan,0.09100092578125,4.80517458984375,0.0986328125
static,12,-1,1024,0.076171875,nan,nan,nan,0.0911910576171875,4.802636146484375,0.076171875
