method,tasks,row_exact,full_task_exact,parse_ok,avg_outputs
corrupt_skill_rag,6,0.8333333333333334,0.6666666666666666,1.0,3.0
direct_batch,6,0.8333333333333334,0.6666666666666666,1.0,3.0
direct_row,6,0.7777777777777777,0.6666666666666666,1.0,3.0
random_skill_rag,6,0.8333333333333334,0.6666666666666666,1.0,3.0
skill_rag,6,0.8888888888888888,0.6666666666666666,1.0,3.0
