run,phase,epoch,loss,action_accuracy,kind_accuracy,slot_accuracy,op_accuracy,arg_accuracy,stop_accuracy,rank_pair_accuracy,solved_bce,distance_mae,pg_loss,echo_loss,mean_reward,mean_advantage,next_valid_accuracy,next_final_accuracy,train_states,stop_labels
smoke_fuyu_grpo_echo_anchor_20260624,bc_policy,1,5.134752801486424,0.17857142857142858,0.5,0.3181818181818182,0.25,0.1,0.3333333333333333,0.0,0.5347281289952142,2.5107614201094424,0.0,8.158742683274406,0.0,0.0,0.6785714285714286,0.32142857142857145,28,4
smoke_fuyu_grpo_echo_anchor_20260624,grpo_echo_r1_policy,1,0.7046940926202508,0.27906976744186046,0.5348837209302325,0.42424242424242425,0.5294117647058824,0.125,0.5,0.0,0.11960614767185478,3.247253556584203,0.24839754045269516,4.42092015854148,-0.14186046428458635,0.023255813953488372,0.6744186046511628,0.6046511627906976,43,11
