{
  "mode": "static",
  "args": {
    "mode": "static",
    "seed": 41,
    "modulus": 11,
    "observe_mod": 4,
    "observe_prob": 0.3,
    "op_family": "full",
    "query_family": "all",
    "train_min_len": 1,
    "train_max_len": 6,
    "eval_lengths": "3,6,9,12",
    "eval_k": "0,1,2,3,6,9,12",
    "eval_query_types": "all",
    "transition_temperature": 1.0,
    "dim": 128,
    "heads": 4,
    "compiler_layers": 2,
    "dropout": 0.05,
    "train_steps": 800,
    "batch_size": 512,
    "eval_batch_size": 512,
    "eval_examples": 512,
    "lr": 0.001,
    "weight_decay": 0.0,
    "max_grad_norm": 1.0,
    "log_every": 100,
    "eval_every": 800,
    "output_dir": "experiments/query_filter_executor/runs/control_static_mod11",
    "checkpoint_dir": "large_artifacts/query_filter_executor/checkpoints/control_static_mod11"
  },
  "env": {
    "python": "3.12.3",
    "torch": "2.8.0+cu128",
    "device": "cuda",
    "cuda_name": "NVIDIA RTX 6000 Ada Generation"
  },
  "train": [
    {
      "step": 1,
      "loss": 2.3992807865142822,
      "grad_norm": 0.08217303454875946,
      "query_target_mass": 0.4517163038253784,
      "query_target_nll": 2.3992807865142822,
      "query_top1_on_support": 0.4453125,
      "mean_query_support_size": 4.966796875,
      "belief_target_mass": 0.04899877309799194,
      "belief_target_nll": 4.81512451171875,
      "belief_top1_on_support": 0.0390625,
      "mean_belief_support_size": 5.939453125
    },
    {
      "step": 100,
      "loss": 2.2041163444519043,
      "grad_norm": 0.23213160037994385,
      "query_target_mass": 0.5217788815498352,
      "query_target_nll": 2.2041163444519043,
      "query_top1_on_support": 0.6015625,
      "mean_query_support_size": 4.822265625,
      "belief_target_mass": 0.1106952577829361,
      "belief_target_nll": 4.23448371887207,
      "belief_top1_on_support": 0.203125,
      "mean_belief_support_size": 5.62109375
    },
    {
      "step": 200,
      "loss": 2.1117849349975586,
      "grad_norm": 0.23371902108192444,
      "query_target_mass": 0.5572030544281006,
      "query_target_nll": 2.1117849349975586,
      "query_top1_on_support": 0.58984375,
      "mean_query_support_size": 4.865234375,
      "belief_target_mass": 0.1595771312713623,
      "belief_target_nll": 3.9303979873657227,
      "belief_top1_on_support": 0.234375,
      "mean_belief_support_size": 5.716796875
    },
    {
      "step": 300,
      "loss": 2.047215461730957,
      "grad_norm": 0.24885448813438416,
      "query_target_mass": 0.5753039717674255,
      "query_target_nll": 2.047215461730957,
      "query_top1_on_support": 0.630859375,
      "mean_query_support_size": 4.80859375,
      "belief_target_mass": 0.1798558533191681,
      "belief_target_nll": 3.834986448287964,
      "belief_top1_on_support": 0.23046875,
      "mean_belief_support_size": 5.70703125
    },
    {
      "step": 400,
      "loss": 1.9993155002593994,
      "grad_norm": 0.2604893147945404,
      "query_target_mass": 0.5728248357772827,
      "query_target_nll": 1.9993155002593994,
      "query_top1_on_support": 0.583984375,
      "mean_query_support_size": 4.517578125,
      "belief_target_mass": 0.22354400157928467,
      "belief_target_nll": 3.6397287845611572,
      "belief_top1_on_support": 0.298828125,
      "mean_belief_support_size": 5.36328125
    },
    {
      "step": 500,
      "loss": 2.0737133026123047,
      "grad_norm": 0.30012109875679016,
      "query_target_mass": 0.5930522084236145,
      "query_target_nll": 2.0737133026123047,
      "query_top1_on_support": 0.615234375,
      "mean_query_support_size": 4.962890625,
      "belief_target_mass": 0.21909809112548828,
      "belief_target_nll": 3.7043776512145996,
      "belief_top1_on_support": 0.2734375,
      "mean_belief_support_size": 5.76171875
    },
    {
      "step": 600,
      "loss": 2.0383410453796387,
      "grad_norm": 0.2669817805290222,
      "query_target_mass": 0.5813018083572388,
      "query_target_nll": 2.0383410453796387,
      "query_top1_on_support": 0.625,
      "mean_query_support_size": 4.67578125,
      "belief_target_mass": 0.2138395607471466,
      "belief_target_nll": 3.752229690551758,
      "belief_top1_on_support": 0.265625,
      "mean_belief_support_size": 5.48046875
    },
    {
      "step": 700,
      "loss": 2.011723518371582,
      "grad_norm": 0.28141921758651733,
      "query_target_mass": 0.5756093263626099,
      "query_target_nll": 2.011723518371582,
      "query_top1_on_support": 0.60546875,
      "mean_query_support_size": 4.58984375,
      "belief_target_mass": 0.23225505650043488,
      "belief_target_nll": 3.5848426818847656,
      "belief_top1_on_support": 0.2890625,
      "mean_belief_support_size": 5.23828125
    },
    {
      "step": 800,
      "loss": 1.9928932189941406,
      "grad_norm": 0.27240145206451416,
      "query_target_mass": 0.6125478744506836,
      "query_target_nll": 1.992893099784851,
      "query_top1_on_support": 0.66015625,
      "mean_query_support_size": 4.8671875,
      "belief_target_mass": 0.25075167417526245,
      "belief_target_nll": 3.5511209964752197,
      "belief_top1_on_support": 0.3515625,
      "mean_belief_support_size": 5.6484375
    }
  ],
  "eval": [
    {
      "step": 800,
      "rows": [
        {
          "model": "static",
          "length": 3,
          "query_type": "A",
          "k": -1,
          "n": 512,
          "query_target_mass": 0.6591012477874756,
          "query_target_nll": 1.8982542753219604,
          "query_top1_on_support": 0.734375,
          "mean_query_support_size": 4.884765625,
          "belief_target_mass": 0.1848524659872055,
          "belief_target_nll": 3.7232179641723633,
          "belief_top1_on_support": 0.306640625,
          "mean_belief_support_size": 5.693359375
        },
        {
          "model": "static",
          "length": 3,
          "query_type": "B",
          "k": -1,
          "n": 512,
          "query_target_mass": 0.6479253172874451,
          "query_target_nll": 1.9472935199737549,
          "query_top1_on_support": 0.708984375,
          "mean_query_support_size": 4.9921875,
          "belief_target_mass": 0.16006727516651154,
          "belief_target_nll": 3.828792095184326,
          "belief_top1_on_support": 0.244140625,
          "mean_belief_support_size": 5.921875
        },
        {
          "model": "static",
          "length": 3,
          "query_type": "A_PLUS_B",
          "k": -1,
          "n": 512,
          "query_target_mass": 0.5650967359542847,
          "query_target_nll": 2.22365140914917,
          "query_top1_on_support": 0.654296875,
          "mean_query_support_size": 5.466796875,
          "belief_target_mass": 0.17130985856056213,
          "belief_target_nll": 3.7749381065368652,
          "belief_top1_on_support": 0.275390625,
          "mean_belief_support_size": 5.748046875
        },
        {
          "model": "static",
          "length": 3,
          "query_type": "A_MINUS_B",
          "k": -1,
          "n": 512,
          "query_target_mass": 0.5257728099822998,
          "query_target_nll": 2.1593017578125,
          "query_top1_on_support": 0.630859375,
          "mean_query_support_size": 5.01171875,
          "belief_target_mass": 0.17028027772903442,
          "belief_target_nll": 3.8129727840423584,
          "belief_top1_on_support": 0.263671875,
          "mean_belief_support_size": 6.078125
        },
        {
          "model": "static",
          "length": 6,
          "query_type": "A",
          "k": -1,
          "n": 512,
          "query_target_mass": 0.4313637316226959,
          "query_target_nll": 1.990046739578247,
          "query_top1_on_support": 0.478515625,
          "mean_query_support_size": 3.1171875,
          "belief_target_mass": 0.08500044047832489,
          "belief_target_nll": 3.9537553787231445,
          "belief_top1_on_support": 0.12109375,