model,length,k,n,pair_accuracy,a_accuracy,b_accuracy,register_accuracy
joint,2,0,32,0.1875,0.40625,0.375,0.390625
joint,2,1,32,0.0625,0.375,0.40625,0.390625
joint,2,2,32,0.09375,0.375,0.4375,0.40625
joint,2,3,32,0.09375,0.375,0.4375,0.40625
joint,3,0,32,0.03125,0.25,0.21875,0.234375
joint,3,1,32,0.0625,0.28125,0.1875,0.234375
joint,3,2,32,0.0,0.3125,0.1875,0.25
joint,3,3,32,0.0625,0.3125,0.1875,0.25
