model,length,k,n,pair_accuracy,a_accuracy,b_accuracy,register_accuracy
joint,2,0,32,0.0625,0.40625,0.3125,0.359375
joint,2,1,32,0.0625,0.40625,0.3125,0.359375
joint,2,2,32,0.0625,0.40625,0.25,0.328125
joint,2,3,32,0.0625,0.40625,0.25,0.328125
joint,3,0,32,0.15625,0.21875,0.34375,0.28125
joint,3,1,32,0.125,0.25,0.40625,0.328125
joint,3,2,32,0.03125,0.21875,0.375,0.296875
joint,3,3,32,0.125,0.28125,0.40625,0.34375
