step,loss,pos_loss,margin_loss,lr
1,10.03125,10.03125,0.0,1e-05
10,6.182421875,6.182421875,0.0,0.0001
20,0.9284991502761841,0.9284991502761841,0.0,0.0002
30,0.15663230121135713,0.15663230121135713,0.0,0.00018660254037844388
40,0.49087828397750854,0.49087828397750854,0.0,0.00015000000000000001
50,0.12616612911224365,0.12616612911224365,0.0,0.0001
60,0.019145071506500244,0.019145071506500244,0.0,5.000000000000002e-05
70,0.06623433530330658,0.06623433530330658,0.0,1.339745962155613e-05
80,0.050750187039375304,0.050750187039375304,0.0,0.0
