{
  "counterfactual_policy": true,
  "data_receipt": {
    "manifest_sha256": "7b9b6cd6b29eefab35d945a2d662505204659ca68166026f57ea66ac426b8e39",
    "receipt_sha256": "ee50fc053c68e2cb7dbf23fc3fb9799a450be4559fc462afcd5c209e901ed5e1",
    "split_sha256": {
      "causal_confirmation": "7f4df036207f1f9314ed4a8293c68fc8cefe92573b5c753e4af6b72e5194070f",
      "seam_confirmation": "70e72f00e9d2bde5a88e10c2794487609831e7a6bb8baec4fa5636449de9190a",
      "seam_selection": "ac037aec985aa84456323c50fb5ae05e086460bd11dce7ae321291071d78bd2d",
      "value_fit": "64d42304de1efe1394380604c17c5066df735f14cd65445a12fd0e95e78fc93d"
    }
  },
  "decision": "COMMIT_SLOT_SEAM_FAIL",
  "design_passed": true,
  "elapsed_seconds": 1678.3911798223853,
  "freeform_answer_tokens": 2171,
  "freeform_rows_sha256": "ebfb55c016d100f184b0e17ff791685bb2d544ed7005a3bf1d6681f5b8b8974f",
  "items": 16,
  "metrics_by_cap": [
    {
      "cap": 256,
      "close_only_answer_cap_rate": 0.7916666666666666,
      "close_only_parse_rate": 0.125,
      "close_only_success_rate": 0.041666666666666664,
      "commit_mode_counts": {
        "forced_at_cap": 48
      },
      "finite_no_thought_slot_rows_rate": 1.0,
      "finite_shuffled_slot_rows_rate": 1.0,
      "finite_slot_rows_rate": 1.0,
      "full_vocab_top_is_alias_rate": 0.875,
      "gate_pass": false,
      "mean_constrained_margin": 0.8684895833333334,
      "mean_correct_alias_full_vocab_probability": 0.13334853019963097,
      "mean_correct_alias_probability": 0.17923133738562078,
      "mean_full_vocab_alias_probability_mass": 0.7019742199530205,
      "mixed_slot_tasks": 2,
      "no_thought_mean_correct_alias_probability": 0.19235486984689487,
      "no_thought_slot_accuracy": 0.25,
      "no_thought_slot_successes": 4,
      "observed_gate_reachability": {
        "all_observed_gain_gates_reachable": true,
        "no_thought_gain_gate_reachable_under_accuracy_ceiling": true,
        "shuffled_gain_gate_reachable_under_accuracy_ceiling": true
      },
      "real_minus_no_thought_accuracy": -0.04166666666666666,
      "real_minus_shuffled_thought_accuracy": -0.020833333333333315,
      "shuffled_mean_correct_alias_probability": 0.19098539308955273,
      "shuffled_thought_slot_accuracy": 0.22916666666666666,
      "shuffled_thought_slot_successes": 11,
      "slot_rows": 48,
      "slot_success_rate": 0.20833333333333334,
      "slot_successes": 10,
      "thought_contains_any_alias_rate": 0.375,
      "thought_contains_correct_alias_rate": 0.16666666666666666
    },
    {
      "cap": 512,
      "close_only_answer_cap_rate": 0.875,
      "close_only_parse_rate": 0.125,
      "close_only_success_rate": 0.020833333333333332,
      "commit_mode_counts": {
        "forced_at_cap": 48
      },
      "finite_no_thought_slot_rows_rate": 1.0,
      "finite_shuffled_slot_rows_rate": 1.0,
      "finite_slot_rows_rate": 1.0,
      "full_vocab_top_is_alias_rate": 0.8541666666666666,
      "gate_pass": false,
      "mean_constrained_margin": 0.9817708333333334,
      "mean_correct_alias_full_vocab_probability": 0.13586278274215147,
      "mean_correct_alias_probability": 0.18934060578612844,
      "mean_full_vocab_alias_probability_mass": 0.6688401000574231,
      "mixed_slot_tasks": 2,
      "no_thought_mean_correct_alias_probability": 0.19235486984689487,
      "no_thought_slot_accuracy": 0.25,
      "no_thought_slot_successes": 4,
      "observed_gate_reachability": {
        "all_observed_gain_gates_reachable": true,
        "no_thought_gain_gate_reachable_under_accuracy_ceiling": true,
        "shuffled_gain_gate_reachable_under_accuracy_ceiling": true
      },
      "real_minus_no_thought_accuracy": -0.0625,
      "real_minus_shuffled_thought_accuracy": -0.125,
      "shuffled_mean_correct_alias_probability": 0.2005139670460873,
      "shuffled_thought_slot_accuracy": 0.3125,
      "shuffled_thought_slot_successes": 15,
      "slot_rows": 48,
      "slot_success_rate": 0.1875,
      "slot_successes": 9,
      "thought_contains_any_alias_rate": 0.4375,
      "thought_contains_correct_alias_rate": 0.1875
    },
    {
      "cap": 1024,
      "close_only_answer_cap_rate": 0.8958333333333334,
      "close_only_parse_rate": 0.041666666666666664,
      "close_only_success_rate": 0.020833333333333332,
      "commit_mode_counts": {
        "forced_at_cap": 48
      },
      "finite_no_thought_slot_rows_rate": 1.0,
      "finite_shuffled_slot_rows_rate": 1.0,
      "finite_slot_rows_rate": 1.0,
      "full_vocab_top_is_alias_rate": 0.8541666666666666,
      "gate_pass": false,
      "mean_constrained_margin": 1.0807291666666667,
      "mean_correct_alias_full_vocab_probability": 0.18328713592904933,
      "mean_correct_alias_probability": 0.25880541537192886,
      "mean_full_vocab_alias_probability_mass": 0.6847406942397356,
      "mixed_slot_tasks": 5,
      "no_thought_mean_correct_alias_probability": 0.19235486984689487,
      "no_thought_slot_accuracy": 0.25,
      "no_thought_slot_successes": 4,
      "observed_gate_reachability": {
        "all_observed_gain_gates_reachable": true,
        "no_thought_gain_gate_reachable_under_accuracy_ceiling": true,
        "shuffled_gain_gate_reachable_under_accuracy_ceiling": true
      },
      "real_minus_no_thought_accuracy": 0.0625,
      "real_minus_shuffled_thought_accuracy": 0.08333333333333334,
      "shuffled_mean_correct_alias_probability": 0.2027313693876446,
      "shuffled_thought_slot_accuracy": 0.22916666666666666,
      "shuffled_thought_slot_successes": 11,
      "slot_rows": 48,
      "slot_success_rate": 0.3125,
      "slot_successes": 15,
      "thought_contains_any_alias_rate": 0.5,
      "thought_contains_correct_alias_rate": 0.20833333333333334
    }
  ],
  "model_smoke_sha256": "e4e205273e3ea3f8c7f49e3a4a1dc944f2d8cc071ba38d85d2f4b3f3c4e44562",
  "no_thought_rows_sha256": "5e235a1f1745a41f35b54bd010bbc47d5b735dc0c6d269640ca4fb7404ae86b0",
  "passed": false,
  "peak_allocated_bytes": 8705302016,
  "row_counts": {
    "freeform": 144,
    "no_thought": 16,
    "shuffled_slots": 144,
    "slots": 144,
    "traces": 48
  },
  "schema_version": 1,
  "scientific_result": true,
  "selected_cap": null,
  "selection_policy": "smallest passing cap",
  "shuffled_slot_prefill_tokens": 148395,
  "shuffled_slot_rows_sha256": "477a30b6ad163cd54578dbb667ed605451e7c05d5736746a001315f58606aec7",
  "slot_prefill_tokens": 148395,
  "slot_rows_sha256": "cf5e076230180fecd2f0ef5050f2d9e85fa072bb0454dbcf1e617f3d0d3d5b3a",
  "stage": "seam_selection",
  "syntax_supplied_answer_identity_not_supplied": true,
  "trace_forward_calls": 49152,
  "trace_rows_sha256": "52f1c3efe34fb07a1ba10496a7ed2dc5e91a7f96d0abe4ed72b23bb7eac288e4",
  "trace_sampled_tokens": 49152,
  "traces": 48
}
