variant,step,loss,direct_loss,len2_direct_accuracy,len2_direct_target_mass,len2_executor_accuracy,len2_executor_target_mass,len2_init_accuracy,len2_op_accuracy,len2_arg_accuracy,len2_program_exact,len4_direct_accuracy,len4_direct_target_mass,len4_executor_accuracy,len4_executor_target_mass,len4_init_accuracy,len4_op_accuracy,len4_arg_accuracy,len4_program_exact,executor_loss,init_loss,op_loss,arg_loss
direct,1,2.8700666427612305,2.8700666427612305,0.0625,0.06002797931432724,nan,nan,nan,nan,nan,nan,0.0625,0.05972643196582794,nan,nan,nan,nan,nan,nan,,,,
direct,2,2.7823381423950195,2.7823381423950195,0.0625,0.059885453432798386,nan,nan,nan,nan,nan,nan,0.0625,0.059164680540561676,nan,nan,nan,nan,nan,nan,,,,
direct,4,2.935696601867676,2.935696601867676,0.0625,0.05989374220371246,nan,nan,nan,nan,nan,nan,0.0625,0.05838383734226227,nan,nan,nan,nan,nan,nan,,,,
compiler_trace,1,9.517619132995605,,nan,nan,0.0,0.06252679228782654,0.125,0.40625,0.03125,0.0,nan,nan,0.0,0.056872107088565826,0.0625,0.296875,0.109375,0.0,2.861931800842285,2.7741379737854004,1.0715309381484985,2.810018301010132
compiler_trace,2,9.664847373962402,,nan,nan,0.0,0.06253103166818619,0.125,0.40625,0.03125,0.0,nan,nan,0.0,0.056866880506277084,0.0625,0.296875,0.109375,0.0,2.8613271713256836,2.7588939666748047,1.1423611640930176,2.9022650718688965
compiler_trace,4,9.588098526000977,,nan,nan,0.0625,0.06263172626495361,0.1875,0.40625,0.03125,0.0,nan,nan,0.0,0.056794993579387665,0.0625,0.296875,0.109375,0.0,2.860436201095581,2.8396949768066406,1.032028317451477,2.8559393882751465
compiler_answer_only,1,2.8494300842285156,,nan,nan,0.0625,0.061427511274814606,0.25,0.25,0.0,0.0,nan,nan,0.0625,0.057691045105457306,0.0,0.3125,0.015625,0.0,2.8494300842285156,,,
compiler_answer_only,2,2.8483660221099854,,nan,nan,0.125,0.0612625777721405,0.25,0.25,0.0,0.0,nan,nan,0.0625,0.05776629596948624,0.0,0.3125,0.015625,0.0,2.8483660221099854,,,
compiler_answer_only,4,2.7714293003082275,,nan,nan,0.0625,0.06126142665743828,0.25,0.25,0.0,0.0,nan,nan,0.0,0.05775250867009163,0.0,0.3125,0.015625,0.0,2.7714293003082275,,,
