step,loss,lr
1,9.145866811275482,1e-05
10,7.308405029773712,0.0001
20,1.7432666322680235,0.0002
30,0.2080603838884599,0.0001923879532511287
40,0.40112018334193633,0.00017071067811865476
50,0.2735795014752057,0.000138268343236509
60,0.3541006262229075,0.0001
70,0.14105390637023446,6.173165676349103e-05
80,0.12695116445358962,2.9289321881345254e-05
90,0.28982157970240224,7.612046748871327e-06
100,0.11419898295644089,0.0
