model,length,k,n,pair_accuracy,a_accuracy,b_accuracy,register_accuracy,target_mass,target_nll,top1_on_support
joint,2,0,32,0.25,nan,nan,nan,0.19642859375,17.03485678125,0.25
joint,2,1,32,0.09375,nan,nan,nan,0.14277490625,3.89244940625,0.09375
joint,2,2,32,0.0625,nan,nan,nan,0.1427921875,3.892289375,0.0625
joint,2,3,32,0.0625,nan,nan,nan,0.1427921875,3.8922895,0.0625
joint,3,0,32,0.15625,nan,nan,nan,0.15178571875,17.87313175,0.15625
joint,3,1,32,0.125,nan,nan,nan,0.1427775,3.89243671875,0.125
joint,3,2,32,0.21875,nan,nan,nan,0.14277975,3.8923811875,0.21875
joint,3,3,32,0.125,nan,nan,nan,0.14294971875,3.89119003125,0.125
