model,length,k,n,pair_accuracy,a_accuracy,b_accuracy,register_accuracy,target_mass,target_nll,top1_on_support
joint,2,0,32,0.25,nan,nan,nan,0.25000003125,16.02892778125,0.25
joint,2,1,32,0.21875,nan,nan,nan,0.14297528125,3.8910864375,0.21875
joint,2,2,32,0.09375,nan,nan,nan,0.1428659375,3.891780625,0.09375
joint,2,3,32,0.09375,nan,nan,nan,0.1428659375,3.891780625,0.09375
joint,3,0,32,0.25,nan,nan,nan,0.1875,17.20251275,0.25
joint,3,1,32,0.15625,nan,nan,nan,0.14286546875,3.89185025,0.15625
joint,3,2,32,0.25,nan,nan,nan,0.14319784375,3.8894811875,0.25
joint,3,3,32,0.125,nan,nan,nan,0.14271565625,3.8928443125,0.125
