run,split,preference,oracle,direct
m192,validation,0.078125,0.3125,0.125
m192,fresh paired,0.09375,0.3125,0.140625
m192,hard composition,0.125,0.375,0.1875
features,validation,0.15625,0.3125,0.015625
features,fresh paired,0.203125,0.28125,0.0
features,hard composition,0.21875,0.34375,0.0
main,validation,0.1484375,0.4140625,0.1171875
main,fresh paired,0.1171875,0.4765625,0.1328125
main,hard composition,0.1328125,0.4609375,0.1328125
