{
  "aggregate": 0.4223052536231884,
  "backend": "qwen_vllm",
  "benchmark_runner_sha256": "a3beecd8b5c89ccfd99a172a6d85321d39b9feb6c29d12f10b2f4d7499e273cb",
  "benchmark_source_file_count": 56,
  "benchmark_source_inventory_sha256": "218b8615a95f24da962c931e9cd2dba58d853a7bdcd2847cd8e2c42fc2c05f42",
  "model": "/home/ericflo/Development/small-model-experimentation/large_artifacts/qwen35_4b_goal_gap_axis_curriculum_target_match/merged/axis_curriculum",
  "model_merge_receipt_sha256": "fda2e803547572895a1eb3518394a1c7f14cf62551b13c3242311ac53254fc91",
  "per_family": {
    "chronicle": 0.75,
    "lockpick": 0.125,
    "menders": 0.0,
    "mirage": 0.75,
    "rites": 0.0,
    "siftstack": 0.625,
    "sirens": 0.5,
    "stockade": 0.47305253623188404,
    "toolsmith": 0.875,
    "warren": 0.125
  },
  "schema_version": 1,
  "seed": 78144,
  "stage": "menagerie_aggregate_gateway",
  "think_budget": 1024,
  "tier": "quick",
  "wall_seconds": 192.8762642829679,
  "within_budget": true
}
