{
  "aggregate": 0.508134008201943,
  "backend": "qwen_vllm",
  "benchmark_runner_sha256": "a3beecd8b5c89ccfd99a172a6d85321d39b9feb6c29d12f10b2f4d7499e273cb",
  "benchmark_source_file_count": 56,
  "benchmark_source_inventory_sha256": "218b8615a95f24da962c931e9cd2dba58d853a7bdcd2847cd8e2c42fc2c05f42",
  "model": "/home/ericflo/Development/small-model-experimentation/large_artifacts/qwen35_4b_goal_gap_axis_curriculum_target_match/merged/replay_repeat",
  "model_merge_receipt_sha256": "d3b184010f0470078e77e25796c572f41c177451f0157ced35d4e4d818a11b5b",
  "per_family": {
    "chronicle": 0.875,
    "lockpick": 0.5,
    "menders": 0.0,
    "mirage": 0.875,
    "rites": 0.125,
    "siftstack": 0.75,
    "sirens": 0.5,
    "stockade": 0.4563400820194299,
    "toolsmith": 1.0,
    "warren": 0.0
  },
  "schema_version": 1,
  "seed": 78144,
  "stage": "menagerie_aggregate_gateway",
  "think_budget": 1024,
  "tier": "quick",
  "wall_seconds": 192.62538480898365,
  "within_budget": true
}
