run,variant,phase,local_step,step,loss,train_examples,quick_answer_head_accuracy,quick_bytecode_accuracy,quick_program_exact,op_loss,arg_loss,answer_loss
control_qwen3_4b_frozen_trace_s512,frozen_trace,trace_supervised,1,1,8.078228950500488,512,0.0,0.109375,0.0,2.167663097381592,4.980446815490723,4.650595188140869
control_qwen3_4b_frozen_trace_s512,frozen_trace,trace_supervised,150,150,1.0062792301177979,512,0.09375,0.125,0.03125,0.018899941816926003,0.5231707692146301,2.321043014526367
control_qwen3_4b_frozen_trace_s512,frozen_trace,trace_supervised,300,300,0.4714081287384033,512,0.140625,0.546875,0.40625,0.003630158258602023,0.04372599348425865,2.1202597618103027
control_qwen3_4b_frozen_trace_s512,frozen_trace,trace_supervised,450,450,0.4446793794631958,512,0.15625,0.625,0.515625,0.00044245042954571545,0.016826720908284187,2.1370511054992676
control_qwen3_4b_frozen_trace_s512,frozen_trace,trace_supervised,600,600,0.34782591462135315,512,0.125,0.703125,0.53125,0.00041400245390832424,0.004972385708242655,1.7121976613998413
