method,split,support_mode,tasks,rows,row_exact,full_task_exact
adapter,public_prose,none,45,135,0.044444444444444446,0.022222222222222223
adapter,public_prose,normal,45,135,0.7407407407407407,0.6222222222222222
adapter,public_prose,shuffled,45,135,0.6444444444444445,0.5111111111111111
adapter,synthetic_counterfactual,none,60,120,0.008333333333333333,0.0
adapter,synthetic_counterfactual,normal,60,120,0.975,0.95
adapter,synthetic_counterfactual,shuffled,60,120,0.9583333333333334,0.9166666666666666
