length,mean_support_size,best_target_mass_before_k_ge_l,first_k_ge_l,target_mass_at_first_k_ge_l,top1_at_first_k_ge_l,target_nll_at_first_k_ge_l
4,13.0966796875,0.1383028849959373,4,0.9623158872127532,1.0,2.195472240447998
8,6.4677734375,0.037919532507658,8,0.9393073916435242,1.0,1.5001300573349
12,4.1748046875,0.0309378039091825,12,0.9244134724140168,1.0,1.0811400413513184
16,2.7451171875,0.0262660533189773,16,0.9171677827835084,1.0,0.784845381975174
24,1.7001953125,0.0075136385858058,24,0.9129836857318878,1.0,0.4413885623216629
