step,loss,lr
1,10.945893287658691,1e-05
10,5.970149940252304,0.0001
20,0.7185729592674761,0.0002
30,0.5818392345317079,0.0001923879532511287
40,0.04792815826549486,0.00017071067811865476
50,0.030911032217863975,0.000138268343236509
60,0.029701228831436312,0.0001
70,0.23563034500066352,6.173165676349103e-05
80,0.14759467246669827,2.9289321881345254e-05
90,0.03540614485812057,7.612046748871327e-06
100,0.23271838373207174,0.0
