step,loss,lr
1,8.124274253845215,1e-05
2,3.825628399848938,2e-05
