{
  "mode": "static",
  "args": {
    "mode": "static",
    "seed": 41,
    "modulus": 31,
    "observe_mod": 5,
    "observe_prob": 0.3,
    "op_family": "full",
    "query_family": "all",
    "train_min_len": 1,
    "train_max_len": 8,
    "eval_lengths": "4,8,12,16,24",
    "eval_k": "0,1,2,4,8,12,16,24",
    "eval_query_types": "all",
    "transition_temperature": 1.0,
    "dim": 128,
    "heads": 4,
    "compiler_layers": 2,
    "dropout": 0.05,
    "train_steps": 1500,
    "batch_size": 512,
    "eval_batch_size": 512,
    "eval_examples": 512,
    "lr": 0.001,
    "weight_decay": 0.0,
    "max_grad_norm": 1.0,
    "log_every": 100,
    "eval_every": 1500,
    "output_dir": "experiments/sampled_query_filter_executor/runs/control_static_mod31",
    "checkpoint_dir": "large_artifacts/sampled_query_filter_executor/checkpoints/control_static_mod31"
  },
  "env": {
    "python": "3.12.3",
    "torch": "2.8.0+cu128",
    "device": "cuda",
    "cuda_name": "NVIDIA RTX 6000 Ada Generation"
  },
  "train": [
    {
      "step": 1,
      "loss": 3.4361588954925537,
      "grad_norm": 0.07417356222867966,
      "query_target_mass": 0.3758448660373688,
      "query_target_nll": 3.4342384338378906,
      "query_top1_on_support": 0.35546875,
      "mean_query_support_size": 11.65234375,
      "belief_target_mass": 0.014774964191019535,
      "belief_target_nll": 6.883803844451904,
      "belief_top1_on_support": 0.021484375,
      "mean_belief_support_size": 14.189453125
    },
    {
      "step": 100,
      "loss": 3.328699827194214,
      "grad_norm": 0.18081973493099213,
      "query_target_mass": 0.37687191367149353,
      "query_target_nll": 3.3295915126800537,
      "query_top1_on_support": 0.44140625,
      "mean_query_support_size": 10.669921875,
      "belief_target_mass": 0.02007383666932583,
      "belief_target_nll": 6.583209991455078,
      "belief_top1_on_support": 0.04296875,
      "mean_belief_support_size": 13.015625
    },
    {
      "step": 200,
      "loss": 3.224882125854492,
      "grad_norm": 0.2674393355846405,
      "query_target_mass": 0.4142231047153473,
      "query_target_nll": 3.235936403274536,
      "query_top1_on_support": 0.501953125,
      "mean_query_support_size": 10.939453125,
      "belief_target_mass": 0.03313519060611725,
      "belief_target_nll": 6.302148342132568,
      "belief_top1_on_support": 0.10546875,
      "mean_belief_support_size": 13.08984375
    },
    {
      "step": 300,
      "loss": 3.1457650661468506,
      "grad_norm": 0.3032839894294739,
      "query_target_mass": 0.4231303632259369,
      "query_target_nll": 3.1503143310546875,
      "query_top1_on_support": 0.482421875,
      "mean_query_support_size": 10.478515625,
      "belief_target_mass": 0.04143837094306946,
      "belief_target_nll": 6.113795757293701,
      "belief_top1_on_support": 0.103515625,
      "mean_belief_support_size": 12.578125
    },
    {
      "step": 400,
      "loss": 3.171003818511963,
      "grad_norm": 0.30123406648635864,
      "query_target_mass": 0.43040281534194946,
      "query_target_nll": 3.163055896759033,
      "query_top1_on_support": 0.482421875,
      "mean_query_support_size": 10.736328125,
      "belief_target_mass": 0.056265078485012054,
      "belief_target_nll": 6.057626724243164,
      "belief_top1_on_support": 0.142578125,
      "mean_belief_support_size": 12.626953125
    },
    {
      "step": 500,
      "loss": 3.136373996734619,
      "grad_norm": 0.3022177517414093,
      "query_target_mass": 0.47745755314826965,
      "query_target_nll": 3.1366686820983887,
      "query_top1_on_support": 0.521484375,
      "mean_query_support_size": 11.732421875,
      "belief_target_mass": 0.059726860374212265,
      "belief_target_nll": 6.035643577575684,
      "belief_top1_on_support": 0.138671875,
      "mean_belief_support_size": 13.2734375
    },
    {
      "step": 600,
      "loss": 3.17282772064209,
      "grad_norm": 0.32160866260528564,
      "query_target_mass": 0.4653174579143524,
      "query_target_nll": 3.146728992462158,
      "query_top1_on_support": 0.48828125,
      "mean_query_support_size": 11.462890625,
      "belief_target_mass": 0.07454028725624084,
      "belief_target_nll": 5.919031143188477,
      "belief_top1_on_support": 0.150390625,
      "mean_belief_support_size": 13.03125
    },
    {
      "step": 700,
      "loss": 3.1384057998657227,
      "grad_norm": 0.3060116767883301,
      "query_target_mass": 0.45536258816719055,
      "query_target_nll": 3.1325929164886475,
      "query_top1_on_support": 0.5,
      "mean_query_support_size": 11.375,
      "belief_target_mass": 0.0710911899805069,
      "belief_target_nll": 5.866584777832031,
      "belief_top1_on_support": 0.1328125,
      "mean_belief_support_size": 13.298828125
    },
    {
      "step": 800,
      "loss": 3.0660743713378906,
      "grad_norm": 0.30325672030448914,
      "query_target_mass": 0.44487813115119934,
      "query_target_nll": 3.0796828269958496,
      "query_top1_on_support": 0.4921875,
      "mean_query_support_size": 10.52734375,
      "belief_target_mass": 0.08688108623027802,
      "belief_target_nll": 5.736944198608398,
      "belief_top1_on_support": 0.16796875,
      "mean_belief_support_size": 13.046875
    },
    {
      "step": 900,
      "loss": 3.1100826263427734,
      "grad_norm": 0.319496214389801,
      "query_target_mass": 0.45651161670684814,
      "query_target_nll": 3.1236438751220703,
      "query_top1_on_support": 0.505859375,
      "mean_query_support_size": 11.009765625,
      "belief_target_mass": 0.08078967779874802,
      "belief_target_nll": 5.841189384460449,
      "belief_top1_on_support": 0.16015625,
      "mean_belief_support_size": 12.26953125
    },
    {
      "step": 1000,
      "loss": 3.017608880996704,
      "grad_norm": 0.3041033148765564,
      "query_target_mass": 0.465268075466156,
      "query_target_nll": 3.0229740142822266,
      "query_top1_on_support": 0.529296875,
      "mean_query_support_size": 10.724609375,
      "belief_target_mass": 0.08900637179613113,
      "belief_target_nll": 5.793944358825684,
      "belief_top1_on_support": 0.15234375,
      "mean_belief_support_size": 13.083984375
    },
    {
      "step": 1100,
      "loss": 3.1362032890319824,
      "grad_norm": 0.27813243865966797,
      "query_target_mass": 0.4976041913032532,
      "query_target_nll": 3.136355400085449,
      "query_top1_on_support": 0.544921875,
      "mean_query_support_size": 12.107421875,
      "belief_target_mass": 0.08196669816970825,
      "belief_target_nll": 5.885429859161377,
      "belief_top1_on_support": 0.14453125,
      "mean_belief_support_size": 14.109375
    },
    {
      "step": 1200,
      "loss": 3.015636444091797,
      "grad_norm": 0.2925969958305359,
      "query_target_mass": 0.4695698022842407,
      "query_target_nll": 3.0196034908294678,
      "query_top1_on_support": 0.505859375,
      "mean_query_support_size": 10.955078125,
      "belief_target_mass": 0.08056222647428513,
      "belief_target_nll": 5.746038436889648,
      "belief_top1_on_support": 0.140625,
      "mean_belief_support_size": 12.88671875
    },
    {
      "step": 1300,
      "loss": 3.123014450073242,
      "grad_norm": 0.30945321917533875,
      "query_target_mass": 0.46396350860595703,
      "query_target_nll": 3.103632926940918,
      "query_top1_on_support": 0.505859375,
      "mean_query_support_size": 11.13671875,
      "belief_target_mass": 0.08905397355556488,
      "belief_target_nll": 5.813065528869629,
      "belief_top1_on_support": 0.15234375,
      "mean_belief_support_size": 12.84765625
    },
    {
      "step": 1400,
      "loss": 3.088362216949463,
      "grad_norm": 0.31793904304504395,
      "query_target_mass": 0.5156517624855042,
      "query_target_nll": 3.0786447525024414,
      "query_top1_on_support": 0.56640625,
      "mean_query_support_size": 12.390625,
      "belief_target_mass": 0.10933545231819153,