step,loss,pos_loss,margin_loss,lr
1,10.8359375,10.8359375,0.0,1e-05
10,7.232421875,7.232421875,0.0,0.0001
20,1.6296987533569336,1.6296987533569336,0.0,0.0002
30,0.43916323184967043,0.43916323184967043,0.0,0.00018660254037844388
40,0.13344416618347169,0.13344416618347169,0.0,0.00015000000000000001
50,0.17469370663166045,0.17469370663166045,0.0,0.0001
60,0.10219103693962098,0.10219103693962098,0.0,5.000000000000002e-05
70,0.27500608265399934,0.27500608265399934,0.0,1.339745962155613e-05
80,0.4951132982969284,0.4951132982969284,0.0,0.0
