run,suite,arm,seed,step,loss,elapsed_s
pilot_v1_stack_s101,pilot,stack,101,1,4.945623397827148,0.883202075958252
pilot_v1_stack_s101,pilot,stack,101,4,2.4079025983810425,3.3488852977752686
pilot_v1_stack_s101,pilot,stack,101,8,0.5537914857268333,6.669287204742432
pilot_v1_stack_s101,pilot,stack,101,12,0.1727681066840887,10.017816066741943
pilot_v1_stack_s101,pilot,stack,101,16,0.04885593056678772,13.361655473709106
pilot_v1_stack_s101,pilot,stack,101,20,0.14881268609315157,16.69845986366272
pilot_v1_stack_s101,pilot,stack,101,24,0.12224393803626299,20.060847520828247
