run,arm,seed,stage,stage_idx,local_step,global_step,compiler_max_steps,elapsed_sec,expansion_event,init_loss,op_loss,arg_loss,state_loss,state_train_accuracy,executor_loss,loss
pilot_expand_copy_seed123,expand_copy,123,stage1_max8,1,1,1,8,1.055,init,4.492895126342773,1.137392520904541,4.5463128089904785,4.580261707305908,0.0,4.581772804260254,46.45625686645508
pilot_expand_copy_seed123,expand_copy,123,stage1_max8,1,2,2,8,1.49,init,4.760336875915527,1.1789627075195312,4.521578788757324,4.5789265632629395,0.0,4.579809188842773,47.465362548828125
pilot_expand_copy_seed123,expand_copy,123,stage1_max8,1,4,4,8,2.359,init,4.8263959884643555,1.2378901243209839,4.554002285003662,4.579301834106445,0.0,4.580705642700195,47.91948699951172
pilot_expand_copy_seed123,expand_copy,123,stage2_max16,2,1,5,16,4.921,expand_8_to_16_copy_last,4.641975402832031,1.0597169399261475,4.434762954711914,4.5796356201171875,0.0,4.579626083374023,46.52593231201172
pilot_expand_copy_seed123,expand_copy,123,stage2_max16,2,2,6,16,5.408,expand_8_to_16_copy_last,4.393392562866211,1.2387518882751465,4.643195152282715,4.578445911407471,0.0,4.576048851013184,46.53959655761719
pilot_expand_copy_seed123,expand_copy,123,stage3_max24,3,1,7,24,13.177,expand_16_to_24_copy_last,4.705228805541992,1.0877423286437988,4.307279586791992,4.580263614654541,0.0,4.580606460571289,46.298648834228516
pilot_expand_copy_seed123,expand_copy,123,stage3_max24,3,2,8,24,13.99,expand_16_to_24_copy_last,4.449899673461914,1.0725171566009521,4.471164703369141,4.581061363220215,0.0,4.581439971923828,45.91927719116211
pilot_expand_copy_seed123,expand_copy,123,stage3_max24,3,4,10,24,15.512,expand_16_to_24_copy_last,4.100093841552734,1.0793756246566772,4.4627299308776855,4.579633712768555,0.0,4.578847885131836,44.489158630371094
