run,seed,step,k,shuffle_train,loss,final_loss,state_loss,quick_best_final_accuracy
pilot_python_shaped_silent_executor_v1,101,1,16,0,7.095198631286621,4.719074726104736,4.7522478103637695,0.0
pilot_python_shaped_silent_executor_v1,101,20,16,0,6.92832088470459,4.567361831665039,4.721918106079102,0.0
pilot_python_shaped_silent_executor_v1,101,40,8,0,7.866973876953125,5.455103397369385,4.823741436004639,0.03125
pilot_python_shaped_silent_executor_v1,101,60,32,0,7.2372541427612305,4.922989368438721,4.6285295486450195,0.0625
pilot_python_shaped_silent_executor_v1,101,80,16,0,6.116347312927246,4.101183891296387,4.030326843261719,0.0625
