run,suite,arm,seed,step,loss,elapsed_s
pilot_v1_program_stack_s101,pilot,program_stack,101,1,6.02956485748291,0.9014682769775391
pilot_v1_program_stack_s101,pilot,program_stack,101,4,2.4799476861953735,3.537055492401123
pilot_v1_program_stack_s101,pilot,program_stack,101,8,0.9903850853443146,7.180821418762207
pilot_v1_program_stack_s101,pilot,program_stack,101,12,0.12266203761100769,10.756963729858398
pilot_v1_program_stack_s101,pilot,program_stack,101,16,0.024647565092891455,14.382955312728882
pilot_v1_program_stack_s101,pilot,program_stack,101,20,0.42944655008614063,18.054567098617554
pilot_v1_program_stack_s101,pilot,program_stack,101,24,0.0015453702071681619,21.616469383239746
