arm,phase,epoch,train_examples,echo_weight,loss,program_loss,op_loss,arg_loss,answer_loss,echo_loss,trace_top_loss,trace_depth_loss,vm_final_loss,vm_valid_loss,quick_val_direct_accuracy,quick_val_valid_rate,quick_val_echo_trace_top_accuracy,quick_val_echo_final_accuracy
baseline,baseline_seed_supervised,1,16,0.0,7.455854892730713,7.455854892730713,2.277470350265503,4.2163684368133545,4.810081481933594,8.306620597839355,4.590359687805176,3.279085397720337,4.5938990116119385,0.5383866429328918,0.0,0.0,0.0,0.0
baseline,baseline_expert_round_1,1,16,0.0,4.916993856430054,4.916993856430054,1.555864691734314,2.453530788421631,4.537991285324097,8.770751476287842,4.599445819854736,3.9812159538269043,4.75605845451355,1.0039481818675995,0.0,0.0,0.0,0.0
baseline,baseline_full_supervised,1,16,0.0,7.444737672805786,7.444737672805786,2.314454436302185,4.173486948013306,4.783982992172241,8.354121208190918,4.696700572967529,3.2232459783554077,4.4982688426971436,0.5949398577213287,0.0,0.0,0.0,0.0
vm_echo,vm_echo_seed_supervised,1,16,0.35,10.298578262329102,7.422694444656372,2.282967686653137,4.1812862157821655,4.792203426361084,8.216811656951904,4.5734429359436035,3.1301013231277466,4.608892917633057,0.43441133201122284,0.0,0.0,0.0,0.0
vm_echo,vm_echo_expert_round_1,1,16,0.35,7.850423812866211,4.975965738296509,1.5864565968513489,2.4685492515563965,4.60479998588562,8.212737083435059,4.507741689682007,3.440021514892578,4.469300270080566,0.4716825634241104,0.0,0.0,0.0,0.0625
vm_echo,vm_echo_full_supervised,1,16,0.35,10.293768882751465,7.4121763706207275,2.2902103662490845,4.143381118774414,4.892924547195435,8.233120918273926,4.6503071784973145,3.1665371656417847,4.460654973983765,0.4293556660413742,0.0,0.0,0.0,0.0
