run,suite,arm,seed,step,loss,elapsed_s
smoke_v1_answer_s101,smoke,answer,101,1,3.835270881652832,0.6889159679412842
smoke_v1_answer_s101,smoke,answer,101,2,2.0876920223236084,1.1273694038391113
smoke_v1_python_s101,smoke,python,101,1,1.855751633644104,0.4740748405456543
smoke_v1_python_s101,smoke,python,101,2,1.5233429670333862,0.9210753440856934
