run,suite,arm,seed,step,loss,elapsed_s
smoke_v1_python_s101,smoke,python,101,1,1.855751633644104,0.4740748405456543
smoke_v1_python_s101,smoke,python,101,2,1.5233429670333862,0.9210753440856934
