run,phase,epoch,loss,action_accuracy,kind_accuracy,slot_accuracy,op_accuracy,arg_accuracy,stop_accuracy,solved_bce,distance_mae,train_states,stop_labels
main_joint_action_calibrated_s256_r2,bc_policy,1,3.9463280288356977,0.32075471698113206,0.8641509433962264,0.5130272952853598,0.4309545875810936,0.2607879924953096,0.757201646090535,0.23986140061019245,2.385241065875218,1855,244
main_joint_action_calibrated_s256_r2,bc_policy,2,1.4850396967821848,0.7013477088948787,0.9417789757412399,0.9053884711779449,0.8450704225352113,0.4067796610169492,0.8725868725868726,0.12146698670798155,1.666299766559164,1855,244
main_joint_action_calibrated_s256_r2,bc_policy,3,0.8812627270436191,0.801078167115903,0.9595687331536388,0.9666048237476809,0.9238440616500453,0.5389105058365758,0.8529411764705882,0.07872917171369365,1.5357281425350278,1855,244
main_joint_action_calibrated_s256_r2,dagger_r1_policy,1,1.4629076000902046,0.7627627627627628,0.9235599235599236,0.8763457397723777,0.8963195691202872,0.555229716520039,0.8616504854368932,0.13535923765625965,1.4025318869802752,3663,399
main_joint_action_calibrated_s256_r2,dagger_r2_policy,1,1.0720300214580072,0.8138258961228969,0.9465983906364301,0.9026798307475318,0.932396839332748,0.6338939197930142,0.8792079207920792,0.0915164606883814,1.2889883875473516,5468,566
