phase,base_accuracy,learned_accuracy,oracle_accuracy,learned_valid_rate,mean_selected_score,gap_recovered,run
train_candidates,0.15234375,0.1455078125,0.4072265625,0.9951171875,0.6832984041830059,-0.0268199233716475,main_action_vm_echo_s192_thr070
val_candidates,0.1015625,0.109375,0.3671875,0.984375,0.6735095885815099,0.0294117647058823,main_action_vm_echo_s192_thr070
