threshold,split,direct,search,targets,precision
0.0,fresh_paired,0.0625,0.171875,256,0.125
0.0,hard_composition,0.125,0.203125,256,0.125
0.7,fresh_paired,0.09375,0.25,130,0.2461538461538461
0.7,hard_composition,0.125,0.203125,130,0.2461538461538461
