step,loss,pos_loss,margin_loss,lr
1,5.603445529937744,5.453125,0.15032052993774414,1e-05
2,9.854508638381958,9.78125,0.07325863838195801,2e-05
