run,arm,stage,stage_idx,local_step,global_step,compiler_max_steps,elapsed_sec,expansion_event,init_loss,op_loss,arg_loss,state_loss,state_train_accuracy,executor_loss,loss
pilot_max24_curriculum,max24_curriculum,stage1_max24,1,1,1,24,2.21,init,4.543251037597656,1.084272027015686,4.608922004699707,4.579263210296631,0.0,4.579021453857422,46.85124588012695
pilot_max24_curriculum,max24_curriculum,stage1_max24,1,15,15,24,20.401,init,4.299290657043457,1.0976250171661377,4.091684818267822,4.5749030113220215,0.0,4.5787458419799805,43.81517791748047
pilot_max24_curriculum,max24_curriculum,stage1_max24,1,30,30,24,39.968,init,4.334928512573242,1.085025668144226,3.4559853076934814,4.5748395919799805,0.0,4.571478843688965,41.39500045776367
pilot_max24_curriculum,max24_curriculum,stage2_max24,2,1,31,24,56.897,same,5.015676975250244,1.0450990200042725,3.7137184143066406,4.574330806732178,0.0,4.576694488525391,45.113704681396484
pilot_max24_curriculum,max24_curriculum,stage2_max24,2,15,45,24,76.847,same,4.588095664978027,1.1084710359573364,3.8634746074676514,4.572778701782227,0.032258063554763794,4.576838493347168,44.064369201660156
pilot_max24_curriculum,max24_curriculum,stage3_max24,3,1,46,24,94.304,same,4.643162727355957,1.1196479797363281,3.979353427886963,4.577249050140381,0.0,4.576903820037842,44.76386260986328
pilot_max24_curriculum,max24_curriculum,stage3_max24,3,15,60,24,117.123,same,4.419005393981934,1.0985978841781616,3.6761491298675537,4.575003623962402,0.01587301678955555,4.575610637664795,42.62983322143555
pilot_max24_curriculum,max24_curriculum,stage3_max24,3,30,75,24,141.515,same,4.656349182128906,1.1077287197113037,3.673241138458252,4.576873302459717,0.0,4.575063228607178,43.578025817871094
