run,arm,seed,stage,stage_idx,local_step,global_step,compiler_max_steps,elapsed_sec,expansion_event,init_loss,op_loss,arg_loss,state_loss,state_train_accuracy,executor_loss,loss
pilot_expand_copy_seed456,expand_copy,456,stage1_max8,1,1,1,8,1.094,init,4.751434803009033,1.0811601877212524,4.649412155151367,4.579232692718506,0.0,4.578859329223633,47.84263610839844
pilot_expand_copy_seed456,expand_copy,456,stage1_max8,1,2,2,8,1.538,init,4.725821495056152,1.1368590593338013,4.527618408203125,4.578524112701416,0.0,4.5780510902404785,47.30719757080078
pilot_expand_copy_seed456,expand_copy,456,stage1_max8,1,4,4,8,2.429,init,4.776422023773193,1.1201473474502563,4.608232498168945,4.579368591308594,0.0,4.579306125640869,47.81744384765625
pilot_expand_copy_seed456,expand_copy,456,stage2_max16,2,1,5,16,5.023,expand_8_to_16_copy_last,4.682049751281738,1.0961625576019287,4.501832485198975,4.579159736633301,0.0,4.579472541809082,46.99032211303711
pilot_expand_copy_seed456,expand_copy,456,stage2_max16,2,2,6,16,5.479,expand_8_to_16_copy_last,4.486515522003174,1.0839159488677979,4.531767845153809,4.578577995300293,0.0,4.5789995193481445,46.31462860107422
pilot_expand_copy_seed456,expand_copy,456,stage3_max24,3,1,7,24,13.312,expand_16_to_24_copy_last,4.530548095703125,1.072959542274475,4.445160388946533,4.580003261566162,0.0,4.580333232879639,46.13612747192383
pilot_expand_copy_seed456,expand_copy,456,stage3_max24,3,2,8,24,14.145,expand_16_to_24_copy_last,4.636808395385742,1.0597426891326904,4.404459476470947,4.580131530761719,0.0,4.5814409255981445,46.38638687133789
pilot_expand_copy_seed456,expand_copy,456,stage3_max24,3,4,10,24,15.743,expand_16_to_24_copy_last,4.304520606994629,1.108992099761963,4.570666790008545,4.57864236831665,0.0,4.579602241516113,45.76798629760742
