run,suite,arm,seed,step,loss,elapsed_s
main_v1_json_s202,main,json,202,1,7.908485651016235,1.6666252613067627
main_v1_json_s202,main,json,202,9,0.9373270124197006,14.829505205154419
main_v1_json_s202,main,json,202,18,0.041943731950595975,29.412195444107056
main_v1_json_s202,main,json,202,27,0.008856898813974112,44.04039001464844
main_v1_json_s202,main,json,202,36,0.00531625680741854,58.98199200630188
main_v1_json_s202,main,json,202,45,0.006385502747434657,73.59645819664001
main_v1_json_s202,main,json,202,48,0.009109619648370426,78.43646717071533
