{
  "forced_N0": 0.17333333333333334,
  "latent_N8": 0.04,
  "filler_N8": 0.16,
  "filler_N32": 0.19333333333333333,
  "real_cot": 0.0
}
