run,suite,arm,seed,step,loss,elapsed_s
main_v1_json_s101,main,json,101,1,8.805861711502075,1.6205322742462158
main_v1_json_s101,main,json,101,9,1.2577531188726425,14.180100202560425
main_v1_json_s101,main,json,101,18,0.14695340767502785,28.431721210479736
main_v1_json_s101,main,json,101,27,0.01914472202770412,43.06256937980652
main_v1_json_s101,main,json,101,36,0.034198853303678334,57.599416732788086
main_v1_json_s101,main,json,101,45,0.0073642617935547605,72.12880563735962
main_v1_json_s101,main,json,101,48,0.009193174038955476,77.19770359992981
