run,arm,stage,stage_idx,local_step,global_step,compiler_max_steps,elapsed_sec,expansion_event,init_loss,op_loss,arg_loss,state_loss,state_train_accuracy,executor_loss,loss
pilot_expand_random_new_slots,expand_random_new_slots,stage1_max8,1,1,1,8,1.246,init,4.4699859619140625,1.1295549869537354,4.528594017028809,4.580868721008301,0.0,4.580234527587891,46.284976959228516
pilot_expand_random_new_slots,expand_random_new_slots,stage1_max8,1,15,15,8,8.603,init,4.680005073547363,1.0514458417892456,4.230907917022705,4.576591968536377,0.0,4.5757155418396,45.84740447998047
pilot_expand_random_new_slots,expand_random_new_slots,stage1_max8,1,30,30,8,16.578,init,4.807170867919922,1.202588438987732,3.82983136177063,4.575351238250732,0.0,4.577816009521484,44.90376663208008
pilot_expand_random_new_slots,expand_random_new_slots,stage2_max16,2,1,31,16,19.894,expand_8_to_16_random_new,5.025179862976074,1.0727322101593018,3.9430203437805176,4.577012062072754,0.0,4.576934814453125,46.09947967529297
pilot_expand_random_new_slots,expand_random_new_slots,stage2_max16,2,15,45,16,34.607,expand_8_to_16_random_new,4.379729270935059,1.047753095626831,3.7060117721557617,4.579649925231934,0.0,4.581635475158691,42.552001953125
pilot_expand_random_new_slots,expand_random_new_slots,stage3_max24,3,1,46,24,43.732,expand_16_to_24_random_new,4.73024845123291,1.1216294765472412,3.785116672515869,4.578983306884766,0.0,4.580487251281738,44.342559814453125
pilot_expand_random_new_slots,expand_random_new_slots,stage3_max24,3,15,60,24,66.233,expand_16_to_24_random_new,4.804409027099609,1.1154786348342896,3.736630439758301,4.577011585235596,0.0,4.5771989822387695,44.43384552001953
pilot_expand_random_new_slots,expand_random_new_slots,stage3_max24,3,30,75,24,90.952,expand_16_to_24_random_new,3.546339273452759,1.086184024810791,3.707780599594116,4.574058532714844,0.0,4.57567024230957,39.25239562988281
