phase,base_accuracy,learned_accuracy,oracle_accuracy,learned_valid_rate,mean_selected_score,gap_recovered
train_candidates,0.15234375,0.1455078125,0.4072265625,0.9951171875,0.6832984041830059,-0.02681992337164751
val_candidates,0.1015625,0.109375,0.3671875,0.984375,0.6735095885815099,0.029411764705882353
