split,base,learned,best_k,iterative,oracle,iter_delta,learned_delta,gap_recovered,steps_used
fresh_standard_len24,0.296875,0.453125,2,0.4479166666666667,0.8958333333333334,0.15104166666666669,0.15625,0.2521739130434783,0.6302083333333334
fresh_paraphrase_len24,0.296875,0.5052083333333334,2,0.515625,0.8802083333333334,0.21875,0.20833333333333337,0.375,0.7708333333333334
fresh_paired_len24,0.30078125,0.51953125,2,0.52734375,0.890625,0.2265625,0.21875,0.3841059602649007,0.66015625
