variant,stage,local_step,step,loss,trace_loss_active,lr_scale,executor_loss,init_loss,op_loss,arg_loss,standard_len3_direct_accuracy,standard_len3_direct_target_mass,standard_len3_executor_accuracy,standard_len3_executor_target_mass,standard_len3_init_accuracy,standard_len3_op_accuracy,standard_len3_arg_accuracy,standard_len3_program_exact,standard_len6_direct_accuracy,standard_len6_direct_target_mass,standard_len6_executor_accuracy,standard_len6_executor_target_mass,standard_len6_init_accuracy,standard_len6_op_accuracy,standard_len6_arg_accuracy,standard_len6_program_exact,standard_len12_direct_accuracy,standard_len12_direct_target_mass,standard_len12_executor_accuracy,standard_len12_executor_target_mass,standard_len12_init_accuracy,standard_len12_op_accuracy,standard_len12_arg_accuracy,standard_len12_program_exact
compiler_trace,trace_bootstrap,1,1,28.723831176757812,True,1.0,4.57078742980957,4.62278413772583,1.1135773658752441,4.548330783843994,nan,nan,0.0078125,0.010327208787202835,0.0234375,0.3385416666666667,0.046875,0.0,nan,nan,0.0,0.010297974571585655,0.0078125,0.3190104166666667,0.052083333333333336,0.0,nan,nan,0.0078125,0.010269605554640293,0.015625,0.33984375,0.040364583333333336,0.0
compiler_trace,trace_bootstrap,500,500,25.366865158081055,True,1.0,4.576512813568115,4.527277946472168,0.9374931454658508,1.743748664855957,nan,nan,0.0078125,0.010326196439564228,0.0078125,0.5703125,0.6744791666666666,0.0,nan,nan,0.015625,0.010307950899004936,0.0078125,0.3736979166666667,0.2669270833333333,0.0,nan,nan,0.0078125,0.010307218879461288,0.0,0.3333333333333333,0.16080729166666666,0.0
compiler_trace,trace_bootstrap,1000,1000,25.253293991088867,True,1.0,4.57252836227417,4.534909248352051,0.8798002004623413,1.6613277196884155,nan,nan,0.0078125,0.010323496535420418,0.0078125,0.546875,0.6744791666666666,0.0,nan,nan,0.015625,0.01030806079506874,0.0078125,0.34375,0.2643229166666667,0.0,nan,nan,0.0078125,0.01031259074807167,0.0,0.326171875,0.15885416666666666,0.0
