run,phase,epoch,loss,action_accuracy,kind_accuracy,slot_accuracy,op_accuracy,arg_accuracy,stop_accuracy,solved_bce,distance_mae,train_states,stop_labels
smoke_dense_state_joint_action,bc_policy,1,6.747365602740535,0.07407407407407407,0.6111111111111112,0.2777777777777778,0.17073170731707318,0.07692307692307693,0.0,0.36753077308336896,3.392321070035299,54,3
smoke_dense_state_joint_action,dagger_r1_policy,1,4.712704261144002,0.1794871794871795,0.8717948717948718,0.40789473684210525,0.3230769230769231,0.2727272727272727,0.0,0.1348739281678811,3.2748508269970236,78,3
