{
 "benchmark_data_read": false,
 "benchmark_implementation": {
  "runner_sha256": "a3beecd8b5c89ccfd99a172a6d85321d39b9feb6c29d12f10b2f4d7499e273cb",
  "source_file_count": 56,
  "source_inventory_sha256": "218b8615a95f24da962c931e9cd2dba58d853a7bdcd2847cd8e2c42fc2c05f42"
 },
 "budget": {
  "count_walk": {
   "wall_seconds": 149.5484399010893,
   "within_budget": true
  },
  "state_track": {
   "wall_seconds": 143.7004287499003,
   "within_budget": true
  }
 },
 "gateway_sha256": "53cf6533dbd710eb167503363c39f73dbf7559a0d91f40a00436a3c218a01c17",
 "model_order": [
  "count_walk",
  "state_track"
 ],
 "model_tree_sha256s": {
  "count_walk": "d5fdc55c0238ffbe2465bd73a5f9d63f442ad4083ff9eb477c9887e15e3da6b1",
  "state_track": "45fd2925e417c82e4848b2ca89907934df9e60503b6529af0bddbd8aa359be7e"
 },
 "model_weight_sha256s": {
  "count_walk": "ddd7bc4b5b8f4f2393996148bcb1b411a8be4d7f03430babe789b3534b9850a3",
  "state_track": "b4bafbb7d3ff8dedd2fa216bc9c62997d960d43a6cac22a88976245bcc35d1c1"
 },
 "models": {
  "count_walk": "/home/ericflo/Development/small-model-experimentation/large_artifacts/qwen35_4b_count_dont_walk_enumeration/merged/count_walk",
  "state_track": "/home/ericflo/Development/small-model-experimentation/large_artifacts/qwen35_4b_state_track_install/merged/state_track"
 },
 "name": "confirmation",
 "paired": {
  "candidate_wins": false,
  "count_walk_aggregate": 0.3364611872146119,
  "paired_delta": -0.012261904761904752,
  "state_track_aggregate": 0.3241992824527071,
  "verdict_deferred_to_readout": true
 },
 "prior_summary_sha256": "187cc3acfe81016899cb08a8bebf5f6045a6cabba9868edd5379c51708ec1192",
 "promoted": null,
 "schema_version": 1,
 "scores": {
  "count_walk": {
   "aggregate": 0.3364611872146119,
   "per_family": {
    "chronicle": 0.4,
    "lockpick": 0.1,
    "menders": 0.0,
    "mirage": 0.6,
    "rites": 0.1,
    "siftstack": 0.5,
    "sirens": 0.4,
    "stockade": 0.14794520547945206,
    "toolsmith": 0.8,
    "warren": 0.31666666666666665
   }
  },
  "state_track": {
   "aggregate": 0.3241992824527071,
   "per_family": {
    "chronicle": 0.3,
    "lockpick": 0.2,
    "menders": 0.0,
    "mirage": 0.4,
    "rites": 0.2,
    "siftstack": 0.7,
    "sirens": 0.4,
    "stockade": 0.18365949119373776,
    "toolsmith": 0.6583333333333333,
    "warren": 0.2
   }
  }
 },
 "seed": 78170,
 "think_budget": 1024,
 "tier": "medium"
}
