run,arm,seed,stage,stage_idx,local_step,global_step,compiler_max_steps,elapsed_sec,expansion_event,init_loss,op_loss,arg_loss,state_loss,state_train_accuracy,executor_loss,loss
pilot_max24_no_curriculum_seed456,max24_no_curriculum,456,stage1_max24,1,1,1,24,1.409,init,4.519382476806641,1.0936131477355957,4.5652174949646,4.578154563903809,0.0,4.578192710876465,46.58836364746094
pilot_max24_no_curriculum_seed456,max24_no_curriculum,456,stage1_max24,1,2,2,24,2.205,init,4.590253829956055,1.1428402662277222,4.562469482421875,4.5804009437561035,0.0,4.581214904785156,46.915348052978516
pilot_max24_no_curriculum_seed456,max24_no_curriculum,456,stage1_max24,1,4,4,24,3.677,init,4.361590385437012,1.103965401649475,4.463397026062012,4.5798726081848145,0.0,4.579955101013184,45.563743591308594
pilot_max24_no_curriculum_seed456,max24_no_curriculum,456,stage1_max24,1,6,6,24,5.14,init,3.911911725997925,1.0853369235992432,4.388648986816406,4.579335689544678,0.0,4.579083442687988,43.44599914550781
pilot_max24_no_curriculum_seed456,max24_no_curriculum,456,stage1_max24,1,8,8,24,6.62,init,4.20259952545166,1.1004316806793213,4.349555015563965,4.5781378746032715,0.0,4.578395843505859,44.46558380126953
pilot_max24_no_curriculum_seed456,max24_no_curriculum,456,stage1_max24,1,10,10,24,8.002,init,4.737021446228027,1.1446179151535034,4.362473964691162,4.5779829025268555,0.0,4.577797889709473,46.69837951660156
