{
  "applications_j": {
    "4": 1,
    "5": 1,
    "6": 1,
    "7": 1,
    "8": 1
  },
  "applications_non_j": {
    "4": 1,
    "5": 1,
    "6": 1,
    "7": 1,
    "8": 1
  },
  "branch_probabilities_recorded": false,
  "branches": 12,
  "config_sha256": "931abeb3af282ed04ad6d7bb631dc8b5626305744f138389dc4b22b1d7ecf518",
  "confirmation_opened": false,
  "correct_alias_loaded": false,
  "design_boundary": {
    "implementation_commit": "6660bd949b448fe7325f0319cfa52afa31d13b6f",
    "implementation_hashes": {
      "branch_geometry_sha256": "68df4c9b45626eab4e6b0e98aa686f6e58aaa6abc450c55da7e2cfd4c258a150",
      "model_ops_sha256": "a00fda9962ca2eac54e53840fc9786f69fcf0eb5c964c7ac5663ae3feed1c862",
      "runner_sha256": "4b0ae20a8975a2c5af5602b2311cd26049ee196a641d6b2e0dcad48c6e4dada0",
      "tests_sha256": "90e02288e6942c5c9fe704ece2c520253171b142717d1855933b49231738c48e"
    }
  },
  "j_finite": true,
  "lens_sha256": "e373b6e93956fdfc5cb446e9bee8249655707c8258a7868f0653d11f1ffd0213",
  "model_id": "Qwen/Qwen3.5-4B",
  "model_load_seconds": 5.6238637417554855,
  "model_revision": "851bf6e806efd8d0a36b00ddf55e13ccb7b8cd0a",
  "non_j_control_iterations_used": {
    "4": 7,
    "5": 370,
    "6": 113,
    "7": 181,
    "8": 512
  },
  "non_j_control_lattice_pair_steps": {
    "4": [
      1,
      0,
      1,
      0,
      0,
      0,
      0,
      0,
      0,
      0,
      0,
      0
    ],
    "5": [
      0,
      0,
      0,
      0,
      0,
      0,
      0,
      0,
      0,
      1,
      0,
      0
    ],
    "6": [
      0,
      0,
      0,
      0,
      0,
      0,
      0,
      0,
      1,
      0,
      0,
      0
    ],
    "7": [
      0,
      0,
      0,
      0,
      1,
      0,
      0,
      0,
      0,
      0,
      1,
      0
    ],
    "8": [
      4,
      0,
      3,
      5,
      2,
      5,
      2,
      2,
      2,
      0,
      0,
      0
    ]
  },
  "non_j_control_passed_rows": {
    "4": 12,
    "5": 12,
    "6": 12,
    "7": 12,
    "8": 12
  },
  "non_j_finite": true,
  "numeric": {
    "by_layer": {
      "4": {
        "j_realized_sum_abs": 0.015625,
        "j_requested_norm_relative_error": 0.0005101996939629316,
        "non_j_paired_norm_relative_error": 9.388115358888172e-06,
        "non_j_realized_sum_abs": 0.00390625,
        "non_j_span_projection_fraction": 0.0003757674421649426,
        "realized_gram_relative_error": 0.0006898249266669154
      },
      "5": {
        "j_realized_sum_abs": 0.00439453125,
        "j_requested_norm_relative_error": 0.02394677698612213,
        "non_j_paired_norm_relative_error": 8.580753274145536e-06,
        "non_j_realized_sum_abs": 0.00390625,
        "non_j_span_projection_fraction": 0.007774056866765022,
        "realized_gram_relative_error": 0.01487599965184927
      },
      "6": {
        "j_realized_sum_abs": 0.00537109375,
        "j_requested_norm_relative_error": 0.01292372401803732,
        "non_j_paired_norm_relative_error": 9.243986824003514e-06,
        "non_j_realized_sum_abs": 0.00390625,
        "non_j_span_projection_fraction": 0.008796929381787777,
        "realized_gram_relative_error": 0.01779092848300934
      },
      "7": {
        "j_realized_sum_abs": 0.007080078125,
        "j_requested_norm_relative_error": 0.013596422970294952,
        "non_j_paired_norm_relative_error": 8.030277058423962e-06,
        "non_j_realized_sum_abs": 0.00390625,
        "non_j_span_projection_fraction": 0.009120939299464226,
        "realized_gram_relative_error": 0.015832362696528435
      },
      "8": {
        "j_realized_sum_abs": 0.0107421875,
        "j_requested_norm_relative_error": 0.041595060378313065,
        "non_j_paired_norm_relative_error": 7.790292329445947e-06,
        "non_j_realized_sum_abs": 0.00390625,
        "non_j_span_projection_fraction": 0.009099775925278664,
        "realized_gram_relative_error": 0.046893227845430374
      }
    },
    "live_frozen_gates": [
      "non_j_paired_norm_relative_error",
      "non_j_span_projection_fraction"
    ],
    "maxima": {
      "j_realized_sum_abs": 0.015625,
      "j_requested_norm_relative_error": 0.041595060378313065,
      "non_j_paired_norm_relative_error": 9.388115358888172e-06,
      "non_j_realized_sum_abs": 0.00390625,
      "non_j_span_projection_fraction": 0.009120939299464226,
      "realized_gram_relative_error": 0.046893227845430374
    },
    "passed": true,
    "pre_bf16_geometry_gates_verified_in_cpu_smoke": [
      "zero_sum",
      "full_gram",
      "rank"
    ]
  },
  "outcomes_loaded": false,
  "passed": true,
  "peak_allocated_bytes": 9115230720,
  "prompt_tokens": 386,
  "schema_version": 1,
  "stage": "model-smoke",
  "thought_tokens": 32
}
