run,arm,stage,stage_idx,local_step,global_step,compiler_max_steps,elapsed_sec,expansion_event,init_loss,op_loss,arg_loss,state_loss,state_train_accuracy,executor_loss,loss
pilot_expand_copy,expand_copy,stage1_max8,1,1,1,8,1.327,init,4.4699859619140625,1.1295549869537354,4.528594017028809,4.580868721008301,0.0,4.580234527587891,46.284976959228516
pilot_expand_copy,expand_copy,stage1_max8,1,15,15,8,8.506,init,4.678859710693359,1.0444238185882568,4.231142520904541,4.576465606689453,0.0,4.57564640045166,45.836544036865234
pilot_expand_copy,expand_copy,stage1_max8,1,30,30,8,16.286,init,4.800575256347656,1.2056492567062378,3.817878007888794,4.575311660766602,0.0,4.577898025512695,44.832672119140625
pilot_expand_copy,expand_copy,stage2_max16,2,1,31,16,19.547,expand_8_to_16_copy_last,5.027321815490723,1.0847711563110352,3.9461615085601807,4.576554298400879,0.0,4.576953887939453,46.13220977783203
pilot_expand_copy,expand_copy,stage2_max16,2,15,45,16,34.054,expand_8_to_16_copy_last,4.383572578430176,1.0575400590896606,3.703749418258667,4.579343318939209,0.0,4.581912994384766,42.568084716796875
pilot_expand_copy,expand_copy,stage3_max24,3,1,46,24,43.137,expand_16_to_24_copy_last,4.74779748916626,1.1165481805801392,3.7822458744049072,4.578446388244629,0.0,4.579893112182617,44.395057678222656
pilot_expand_copy,expand_copy,stage3_max24,3,15,60,24,65.511,expand_16_to_24_copy_last,4.8124003410339355,1.120258092880249,3.726202964782715,4.577245712280273,0.0,4.577106475830078,44.42902374267578
pilot_expand_copy,expand_copy,stage3_max24,3,30,75,24,90.205,expand_16_to_24_copy_last,3.4682273864746094,1.0923902988433838,3.7079877853393555,4.574213981628418,0.0,4.575571060180664,38.94703674316406
