run,suite,arm,seed,step,loss,elapsed_s
main_v1_answer_only_s101,main,answer_only,101,1,11.619987964630127,1.7480182647705078
main_v1_answer_only_s101,main,answer_only,101,9,0.6208053608424962,14.656024694442749
main_v1_answer_only_s101,main,answer_only,101,18,0.42464363237377256,29.550644874572754
main_v1_answer_only_s101,main,answer_only,101,27,0.12424265965819359,44.0987708568573
main_v1_answer_only_s101,main,answer_only,101,36,0.01480626393458806,58.772385120391846
main_v1_answer_only_s101,main,answer_only,101,45,0.005698093416867778,73.3737244606018
main_v1_answer_only_s101,main,answer_only,101,48,0.05678678333788412,78.26005744934082
