run,suite,arm,seed,step,loss,elapsed_s
main_v1_python_s101,main,python,101,1,8.756242752075195,1.6431310176849365
main_v1_python_s101,main,python,101,9,0.8556909412145615,14.670168161392212
main_v1_python_s101,main,python,101,18,0.04993410807219334,29.231929063796997
main_v1_python_s101,main,python,101,27,0.0009038781863637269,43.753076791763306
main_v1_python_s101,main,python,101,36,0.07771299060550518,58.236358642578125
main_v1_python_s101,main,python,101,45,0.11301813049067277,72.74760937690735
main_v1_python_s101,main,python,101,48,0.013316973760083783,77.5983989238739
