run,phase,epoch,loss,action_accuracy,kind_accuracy,slot_accuracy,op_accuracy,arg_accuracy,stop_accuracy,rank_pair_accuracy,solved_bce,distance_mae,pg_loss,echo_loss,mean_reward,mean_advantage,next_valid_accuracy,next_final_accuracy,train_states,stop_labels
smoke_process_dpo_20260624,bc_policy,1,5.134752801486424,0.17857142857142858,0.5,0.3181818181818182,0.25,0.1,0.3333333333333333,0.0,0.5347281289952142,2.5107614201094424,0.0,8.158742683274406,0.0,0.0,0.6785714285714286,0.32142857142857145,28,4
smoke_process_dpo_20260624,process_dpo_r1_policy,1,3.8565526050515473,0.5,0.65625,0.53125,0.7727272727272727,0.0,0.0,0.6484375,0.14400270394980907,2.7863272950053215,0.0,5.402046659961343,0.0,0.0,0.5625,0.65625,32,4
