{
  "adapter": null,
  "aggregate": 0.1462857142857143,
  "backend": "qwen_vllm",
  "backend_stats": {
    "calls": 4,
    "context_capped": 0,
    "forced_think_closes": 131,
    "generated_think_tokens": 275716,
    "max_prompt_tokens": 618,
    "max_think_tokens": 2048,
    "think_token_counts": [
      2048,
      1139,
      2048,
      2048,
      2048,
      2048,
      2048,
      2048,
      2048,
      2048,
      2048,
      2048,
      2048,
      2048,
      2048,
      2048,
      2048,
      2048,
      2048,
      2048,
      2048,
      2048,
      2048,
      2048,
      2048,
      2048,
      2048,
      2048,
      2048,
      2048,
      2048,
      2048,
      2048,
      2048,
      2048,
      2048,
      2048,
      2048,
      2048,
      2022,
      2048,
      2048,
      2048,
      2048,
      2048,
      2048,
      2048,
      2048,
      2048,
      2048,
      2048,
      2048,
      2048,
      2048,
      2048,
      2048,
      2048,
      2048,
      2048,
      2048,
      1926,
      2048,
      2048,
      2048,
      2048,
      2048,
      2048,
      2048,
      2048,
      2048,
      2048,
      2048,
      2048,
      2048,
      2048,
      2048,
      2048,
      2048,
      2048,
      2048,
      2048,
      2048,
      2048,
      2048,
      2048,
      2048,
      2048,
      2048,
      2048,
      2048,
      2048,
      2048,
      2048,
      2048,
      2048,
      2048,
      2048,
      2048,
      2048,
      1876,
      2048,
      2048,
      2048,
      2048,
      2048,
      2048,
      2048,
      2048,
      2048,
      2048,
      2048,
      2048,
      2048,
      2048,
      2048,
      2048,
      2048,
      2048,
      2048,
      2048,
      2048,
      2048,
      2048,
      2048,
      2048,
      2048,
      2048,
      2048,
      2048,
      2048,
      2048,
      2048,
      2048,
      465,
      2048,
      2048
    ]
  },
  "budget_s": 300,
  "generated_at": "2026-07-09T23:49:22.291172+00:00",
  "per_family": {
    "chronicle": {
      "n": 10,
      "score": 0.3,
      "wall_s": 9.948
    },
    "lockpick": {
      "n": 10,
      "score": 0.0,
      "wall_s": 24.759
    },
    "menders": {
      "n": 10,
      "score": 0.1,
      "wall_s": 19.242
    },
    "mirage": {
      "n": 10,
      "score": 0.0,
      "wall_s": 9.948
    },
    "rites": {
      "n": 10,
      "score": 0.1,
      "wall_s": 24.759
    },
    "siftstack": {
      "n": 10,
      "score": 0.1,
      "wall_s": 9.948
    },
    "sirens": {
      "n": 10,
      "score": 0.4,
      "wall_s": 24.759
    },
    "stockade": {
      "n": 10,
      "score": 0.1911904761904762,
      "wall_s": 14.31
    },
    "toolsmith": {
      "n": 10,
      "score": 0.27166666666666667,
      "wall_s": 24.759
    },
    "warren": {
      "n": 10,
      "score": 0.0,
      "wall_s": 24.759
    }
  },
  "per_item": [
    {
      "family": "chronicle",
      "id": "chronicle-atom-L1-31337-0",
      "level": 1,
      "mode": "atom",
      "score": 0.0,
      "turns": 1
    },
    {
      "family": "chronicle",
      "id": "chronicle-atom-L1-31337-1",
      "level": 1,
      "mode": "atom",
      "score": 1.0,
      "turns": 1
    },
    {
      "family": "chronicle",
      "id": "chronicle-atom-L2-31337-0",
      "level": 2,
      "mode": "atom",
      "score": 0.0,
      "turns": 1
    },
    {
      "family": "chronicle",
      "id": "chronicle-atom-L2-31337-1",
      "level": 2,
      "mode": "atom",
      "score": 1.0,
      "turns": 1
    },
    {
      "family": "chronicle",
      "id": "chronicle-atom-L3-31337-0",
      "level": 3,
      "mode": "atom",
      "score": 0.0,
      "turns": 1
    },
    {
      "family": "chronicle",
      "id": "chronicle-atom-L3-31337-1",
      "level": 3,
      "mode": "atom",
      "score": 0.0,
      "turns": 1
    },
    {
      "family": "chronicle",
      "id": "chronicle-atom-L4-31337-0",
      "level": 4,
      "mode": "atom",
      "score": 0.0,
      "turns": 1
    },
    {
      "family": "chronicle",
      "id": "chronicle-atom-L4-31337-1",
      "level": 4,
      "mode": "atom",
      "score": 0.0,
      "turns": 1
    },
    {
      "family": "chronicle",
      "id": "chronicle-episode-L2-31337-0",
      "level": 2,
      "mode": "episode",
      "score": 1.0,
      "turns": 1
    },
    {
      "family": "chronicle",
      "id": "chronicle-episode-L2-31337-1",
      "level": 2,
      "mode": "episode",
      "score": 0.0,
      "turns": 1
    },
    {
      "family": "lockpick",
      "id": "lockpick-31337-L1-atom-0",
      "level": 1,
      "mode": "atom",
      "score": 0.0,
      "turns": 1
    },
    {
      "family": "lockpick",
      "id": "lockpick-31337-L1-atom-1",
      "level": 1,
      "mode": "atom",
      "score": 0.0,
      "turns": 1
    },
    {
      "family": "lockpick",
      "id": "lockpick-31337-L2-atom-0",
      "level": 2,
      "mode": "atom",
      "score": 0.0,
      "turns": 1
    },
    {
      "family": "lockpick",
      "id": "lockpick-31337-L2-atom-1",
      "level": 2,
      "mode": "atom",
      "score": 0.0,
      "turns": 1
    },
    {
      "family": "lockpick",
      "id": "lockpick-31337-L3-atom-0",
      "level": 3,
      "mode": "atom",
      "score": 0.0,
      "turns": 1
    },
    {
      "family": "lockpick",
      "id": "lockpick-31337-L3-atom-1",
      "level": 3,
      "mode": "atom",
      "score": 0.0,
      "turns": 1
    },
    {
      "family": "lockpick",
      "id": "lockpick-31337-L4-atom-0",
      "level": 4,
      "mode": "atom",
      "score": 0.0,
      "turns": 1
    },
    {
      "family": "lockpick",
      "id": "lockpick-31337-L4-atom-1",
      "level": 4,
      "mode": "atom",
      "score": 0.0,
      "turns": 1
    },
    {
      "family": "lockpick",
      "id": "lockpick-31337-L2-episode-0",
      "level": 2,
      "mode": "episode",
      "score": 0.0,
      "turns": 4
    },
    {
      "family": "lockpick",
      "id": "lockpick-31337-L2-episode-1",
      "level": 2,
      "mode": "episode",
      "score": 0.0,
      "turns": 4
    },
    {
      "family": "menders",
      "id": "menders-31337-1-atom-0",
      "level": 1,
      "mode": "atom",
      "score": 0.0,
      "turns": 1
    },
    {
      "family": "menders",
      "id": "menders-31337-1-atom-1",
      "level": 1,
      "mode": "atom",
      "score": 0.0,
      "turns": 1
    },
    {
      "family": "menders",
      "id": "menders-31337-2-atom-0",
      "level": 2,
      "mode": "atom",
      "score": 0.0,
      "turns": 1
    },
    {
      "family": "menders",
      "id": "menders-31337-2-atom-1",
      "level": 2,
      "mode": "atom",
      "score": 0.0,
      "turns": 1
    },
    {
      "family": "menders",
      "id": "menders-31337-3-atom-0",
      "level": 3,
      "mode": "atom",
      "score": 0.0,
      "turns": 1
    },
    {
      "family": "menders",
      "id": "menders-31337-3-atom-1",
      "level": 3,
      "mode": "atom",
      "score": 0.0,
      "turns": 1
    },
    {
      "family": "menders",
      "id": "menders-31337-4-atom-0",
      "level": 4,
      "mode": "atom",
      "score": 0.0,
      "turns": 1
    },
    {
      "family": "menders",
      "id": "menders-31337-4-atom-1",
      "level": 4,
      "mode": "atom",
      "score": 0.0,
      "turns": 1
    },
    {
      "family": "menders",
      "id": "menders-31337-2-episode-0",
      "level": 2,
      "mode": "episode",
      "score": 0.0,
      "turns": 3
    },
    {
      "family": "menders",
      "id": "menders-31337-2-episode-1",
      "level": 2,
      "mode": "episode",
      "score": 1.0,
      "turns": 3
    },
    {
      "family": "mirage",
      "id": "mirage-atom-L1-31337-0-U",
      "level": 1,
      "mode": "atom",
      "score": 0.0,
      "turns": 1
    },
    {
      "family": "mirage",
      "id": "mirage-atom-L1-31337-0-S",
      "level": 1,
      "mode": "atom",
      "score": 0.0,