{
  "adapter": null,
  "aggregate": 0.11195652173913044,
  "backend": "qwen_vllm",
  "backend_stats": {
    "calls": 1,
    "context_capped": 0,
    "forced_think_closes": 79,
    "generated_think_tokens": 81667,
    "max_prompt_tokens": 392,
    "max_think_tokens": 1024,
    "think_token_counts": [
      1024,
      1024,
      1024,
      1024,
      1024,
      1024,
      1024,
      1024,
      1024,
      1024,
      1024,
      1024,
      1024,
      1024,
      1024,
      1024,
      1024,
      1024,
      1024,
      1024,
      1024,
      1024,
      1024,
      1024,
      1024,
      1024,
      1024,
      1024,
      1024,
      1024,
      1024,
      1024,
      1024,
      1024,
      1024,
      1024,
      1024,
      1024,
      1024,
      1024,
      1024,
      1024,
      1024,
      1024,
      1024,
      1024,
      1024,
      1024,
      1024,
      1024,
      771,
      1024,
      1024,
      1024,
      1024,
      1024,
      1024,
      1024,
      1024,
      1024,
      1024,
      1024,
      1024,
      1024,
      1024,
      1024,
      1024,
      1024,
      1024,
      1024,
      1024,
      1024,
      1024,
      1024,
      1024,
      1024,
      1024,
      1024,
      1024,
      1024
    ]
  },
  "budget_s": 60,
  "generated_at": "2026-07-09T22:01:28.135212+00:00",
  "per_family": {
    "chronicle": {
      "n": 8,
      "score": 0.0,
      "wall_s": 4.383
    },
    "lockpick": {
      "n": 8,
      "score": 0.0,
      "wall_s": 4.383
    },
    "menders": {
      "n": 8,
      "score": 0.0,
      "wall_s": 4.383
    },
    "mirage": {
      "n": 8,
      "score": 0.0,
      "wall_s": 4.383
    },
    "rites": {
      "n": 8,
      "score": 0.0,
      "wall_s": 4.383
    },
    "siftstack": {
      "n": 8,
      "score": 0.0,
      "wall_s": 4.383
    },
    "sirens": {
      "n": 8,
      "score": 0.5,
      "wall_s": 4.383
    },
    "stockade": {
      "n": 8,
      "score": 0.11956521739130435,
      "wall_s": 4.383
    },
    "toolsmith": {
      "n": 8,
      "score": 0.375,
      "wall_s": 4.383
    },
    "warren": {
      "n": 8,
      "score": 0.125,
      "wall_s": 4.383
    }
  },
  "per_item": [
    {
      "family": "chronicle",
      "id": "chronicle-atom-L1-31337-0",
      "level": 1,
      "mode": "atom",
      "score": 0.0,
      "turns": 1
    },
    {
      "family": "chronicle",
      "id": "chronicle-atom-L1-31337-1",
      "level": 1,
      "mode": "atom",
      "score": 0.0,
      "turns": 1
    },
    {
      "family": "chronicle",
      "id": "chronicle-atom-L1-31337-2",
      "level": 1,
      "mode": "atom",
      "score": 0.0,
      "turns": 1
    },
    {
      "family": "chronicle",
      "id": "chronicle-atom-L1-31337-3",
      "level": 1,
      "mode": "atom",
      "score": 0.0,
      "turns": 1
    },
    {
      "family": "chronicle",
      "id": "chronicle-atom-L2-31337-0",
      "level": 2,
      "mode": "atom",
      "score": 0.0,
      "turns": 1
    },
    {
      "family": "chronicle",
      "id": "chronicle-atom-L2-31337-1",
      "level": 2,
      "mode": "atom",
      "score": 0.0,
      "turns": 1
    },
    {
      "family": "chronicle",
      "id": "chronicle-atom-L2-31337-2",
      "level": 2,
      "mode": "atom",
      "score": 0.0,
      "turns": 1
    },
    {
      "family": "chronicle",
      "id": "chronicle-atom-L2-31337-3",
      "level": 2,
      "mode": "atom",
      "score": 0.0,
      "turns": 1
    },
    {
      "family": "lockpick",
      "id": "lockpick-31337-L1-atom-0",
      "level": 1,
      "mode": "atom",
      "score": 0.0,
      "turns": 1
    },
    {
      "family": "lockpick",
      "id": "lockpick-31337-L1-atom-1",
      "level": 1,
      "mode": "atom",
      "score": 0.0,
      "turns": 1
    },
    {
      "family": "lockpick",
      "id": "lockpick-31337-L1-atom-2",
      "level": 1,
      "mode": "atom",
      "score": 0.0,
      "turns": 1
    },
    {
      "family": "lockpick",
      "id": "lockpick-31337-L1-atom-3",
      "level": 1,
      "mode": "atom",
      "score": 0.0,
      "turns": 1
    },
    {
      "family": "lockpick",
      "id": "lockpick-31337-L2-atom-0",
      "level": 2,
      "mode": "atom",
      "score": 0.0,
      "turns": 1
    },
    {
      "family": "lockpick",
      "id": "lockpick-31337-L2-atom-1",
      "level": 2,
      "mode": "atom",
      "score": 0.0,
      "turns": 1
    },
    {
      "family": "lockpick",
      "id": "lockpick-31337-L2-atom-2",
      "level": 2,
      "mode": "atom",
      "score": 0.0,
      "turns": 1
    },
    {
      "family": "lockpick",
      "id": "lockpick-31337-L2-atom-3",
      "level": 2,
      "mode": "atom",
      "score": 0.0,
      "turns": 1
    },
    {
      "family": "menders",
      "id": "menders-31337-1-atom-0",
      "level": 1,
      "mode": "atom",
      "score": 0.0,
      "turns": 1
    },
    {
      "family": "menders",
      "id": "menders-31337-1-atom-1",
      "level": 1,
      "mode": "atom",
      "score": 0.0,
      "turns": 1
    },
    {
      "family": "menders",
      "id": "menders-31337-1-atom-2",
      "level": 1,
      "mode": "atom",
      "score": 0.0,
      "turns": 1
    },
    {
      "family": "menders",
      "id": "menders-31337-1-atom-3",
      "level": 1,
      "mode": "atom",
      "score": 0.0,
      "turns": 1
    },
    {
      "family": "menders",
      "id": "menders-31337-2-atom-0",
      "level": 2,
      "mode": "atom",
      "score": 0.0,
      "turns": 1
    },
    {
      "family": "menders",
      "id": "menders-31337-2-atom-1",
      "level": 2,
      "mode": "atom",
      "score": 0.0,
      "turns": 1
    },
    {
      "family": "menders",
      "id": "menders-31337-2-atom-2",
      "level": 2,
      "mode": "atom",
      "score": 0.0,
      "turns": 1
    },
    {
      "family": "menders",
      "id": "menders-31337-2-atom-3",
      "level": 2,
      "mode": "atom",
      "score": 0.0,
      "turns": 1
    },
    {
      "family": "mirage",
      "id": "mirage-atom-L1-31337-0-S",
      "level": 1,
      "mode": "atom",
      "score": 0.0,
      "turns": 1
    },
    {
      "family": "mirage",
      "id": "mirage-atom-L1-31337-0-U",
      "level": 1,
      "mode": "atom",
      "score": 0.0,
      "turns": 1
    },
    {
      "family": "mirage",
      "id": "mirage-atom-L1-31337-1-U",
      "level": 1,
      "mode": "atom",
      "score": 0.0,
      "turns": 1
    },
    {
      "family": "mirage",
      "id": "mirage-atom-L1-31337-1-S",
      "level": 1,
      "mode": "atom",
      "score": 0.0,
      "turns": 1
    },
    {
      "family": "mirage",
      "id": "mirage-atom-L2-31337-1-U",
      "level": 2,
      "mode": "atom",
      "score": 0.0,
      "turns": 1
    },
    {
      "family": "mirage",
      "id": "mirage-atom-L2-31337-0-U",
      "level": 2,
      "mode": "atom",
      "score": 0.0,
      "turns": 1
    },
    {
      "family": "mirage",
      "id": "mirage-atom-L2-31337-0-S",
      "level": 2,
      "mode": "atom",
      "score": 0.0,
      "turns": 1
    },
    {
      "family": "mirage",
      "id": "mirage-atom-L2-31337-1-S",
      "level": 2,
      "mode": "atom",
      "score": 0.0,
      "turns": 1
    },
    {
      "family": "rites",
      "id": "rites-31337-L1-atom-000-000000074bd64292",
      "level": 1,
      "mode": "atom",
      "score": 0.0,
      "turns": 1
    },
    {
      "family": "rites",
      "id": "rites-31337-L1-atom-001-000000074bd64293",
      "level": 1,
      "mode": "atom",
      "score": 0.0,
      "turns": 1
    },
    {
      "family": "rites",
      "id": "rites-31337-L1-atom-002-000000074bd64294",
      "level": 1,
      "mode": "atom",
      "score": 0.0,
      "turns": 1
    },
    {
      "family": "rites",
      "id": "rites-31337-L1-atom-003-000000074bd64295",
      "level": 1,
      "mode": "atom",
      "score": 0.0,
      "turns": 1
    },
    {
      "family": "rites",