split,label,base_accuracy,learned_stop_accuracy,learned_stop_k,learned_forced_accuracy,learned_forced_k,oracle_accuracy,oracle_k,seed_search_accuracy,full_supervised_direct,full_supervised_search,learned_gain,oracle_gap_remaining
val_mixed,Validation,0.109375,0.34375,2,0.3203125,4,1.0,16,0.421875,0.796875,0.9296875,0.234375,0.65625
fresh_standard,Fresh standard,0.109375,0.359375,2,0.3203125,4,1.0,16,0.4765625,0.75,0.8984375,0.25,0.640625
fresh_paraphrase,Fresh paraphrase,0.15625,0.3984375,4,0.375,4,1.0,16,0.453125,0.84375,0.96875,0.2421875,0.6015625
fresh_paired,Fresh paired,0.09375,0.3203125,16,0.296875,4,1.0,16,0.4765625,0.84375,0.9296875,0.2265625,0.6796875
hard_composition,Hard composition,0.1484375,0.3125,2,0.3359375,8,0.953125,16,0.5234375,0.6796875,0.8984375,0.1640625,0.640625
