phase,source_success,states,action_accuracy,arg_accuracy,stop_accuracy,val_best_accuracy,val_best_k,hard_best_accuracy,hard_best_k
teacher_policy,1.0,4040,0.5636138613861386,0.2701652089407191,0.8447265625,0.15625,2,0.2109375,2
dagger_policy_r1,0.32421875,4626,0.5688899146088161,0.37424276419116,0.76611328125,0.25,16,0.296875,4
dagger_policy_r2,0.421875,4595,0.6920292587286027,0.6156276931916116,0.7692057291666666,0.2890625,16,0.28125,4
dagger_policy_r3,0.5927734375,5066,0.8058602062530692,0.8228719688653827,0.831787109375,0.34375,2,0.3125,2
