run,suite,arm,seed,step,loss,elapsed_s
smoke_v1_answer_s101,smoke,answer,101,1,3.835270881652832,0.6889159679412842
smoke_v1_answer_s101,smoke,answer,101,2,2.0876920223236084,1.1273694038391113
