model,length,k,n,target_mass,target_nll,top1_on_support,mean_support_size
static,4,-1,1024,0.0543538574129343,6.033573389053345,0.0888671875,12.86328125
static,8,-1,1024,0.020936687476933002,5.9380645751953125,0.025390625,6.5830078125
static,12,-1,1024,0.007118089124560356,7.504149436950684,0.0107421875,4.3154296875
static,16,-1,1024,0.0031903095077723265,7.936960697174072,0.0029296875,2.6708984375
static,24,-1,1024,0.0019306132453493774,7.948613405227661,0.0009765625,1.8125
