{
  "aggregate": 0.3681969696969697,
  "backend": "qwen_vllm",
  "benchmark_runner_sha256": "a3beecd8b5c89ccfd99a172a6d85321d39b9feb6c29d12f10b2f4d7499e273cb",
  "benchmark_source_file_count": 56,
  "benchmark_source_inventory_sha256": "218b8615a95f24da962c931e9cd2dba58d853a7bdcd2847cd8e2c42fc2c05f42",
  "model": "/home/ericflo/Development/small-model-experimentation/large_artifacts/qwen35_4b_count_dont_walk_enumeration/merged/replay_ctl7",
  "model_merge_receipt_sha256": "950f0b1d27df915901a8e665f70cf161adedb4f6475f360e4cc152e94f3a45d7",
  "per_family": {
    "chronicle": 0.5,
    "lockpick": 0.3,
    "menders": 0.0,
    "mirage": 0.8,
    "rites": 0.2,
    "siftstack": 0.5,
    "sirens": 0.4,
    "stockade": 0.23863636363636367,
    "toolsmith": 0.5433333333333333,
    "warren": 0.2
  },
  "schema_version": 1,
  "seed": 78167,
  "stage": "menagerie_aggregate_gateway",
  "think_budget": 1024,
  "tier": "medium",
  "wall_seconds": 140.15374442306347,
  "within_budget": true
}
