run,variant,phase,local_step,step,loss,train_examples,quick_answer_head_accuracy,quick_bytecode_accuracy,quick_program_exact,op_loss,arg_loss,answer_loss
main_prefix_state_verifier_s512,frozen_compiler,compiler_train,1,1,9.128870964050293,512,0.0,0.0,0.0,2.6864874362945557,5.529237747192383,4.565730094909668
main_prefix_state_verifier_s512,frozen_compiler,compiler_train,150,150,0.96552973985672,512,0.125,0.1875,0.0,0.010971425101161003,0.4510383605957031,2.517599582672119
main_prefix_state_verifier_s512,frozen_compiler,compiler_train,300,300,0.5167751312255859,512,0.171875,0.515625,0.265625,0.01280161738395691,0.08274249732494354,2.1061549186706543
main_prefix_state_verifier_s512,frozen_compiler,compiler_train,450,450,0.4002261459827423,512,0.203125,0.609375,0.3125,0.0016546740662306547,0.02409459464251995,1.8723843097686768
main_prefix_state_verifier_s512,frozen_compiler,compiler_train,600,600,0.35633260011672974,512,0.25,0.65625,0.359375,0.001412504119798541,0.008482578210532665,1.7321875095367432
