arm,eval_len16,eval_len24,eval_len32,eval_comp16,eval_comp24
frozen_cot_generate,0.0,0.0,,,
frozen_direct_likelihood,0.0,0.0,0.0,0.0,0.0
silent_ordered,0.0381944444444444,0.03472222222222217,0.04513888888888887,0.04513888888888887,0.031249999999999934
silent_shuffled,0.0381944444444444,0.03472222222222217,0.04513888888888887,0.048611111111111105,0.031249999999999934
