variant,stage,local_step,step,loss,trace_loss_active,lr_scale,executor_loss,init_loss,op_loss,arg_loss,init_attn_loss,op_attn_loss,arg_attn_loss,standard_len3_direct_accuracy,standard_len3_direct_target_mass,standard_len3_executor_accuracy,standard_len3_executor_target_mass,standard_len3_init_accuracy,standard_len3_op_accuracy,standard_len3_arg_accuracy,standard_len3_program_exact,standard_len6_direct_accuracy,standard_len6_direct_target_mass,standard_len6_executor_accuracy,standard_len6_executor_target_mass,standard_len6_init_accuracy,standard_len6_op_accuracy,standard_len6_arg_accuracy,standard_len6_program_exact,standard_len12_direct_accuracy,standard_len12_direct_target_mass,standard_len12_executor_accuracy,standard_len12_executor_target_mass,standard_len12_init_accuracy,standard_len12_op_accuracy,standard_len12_arg_accuracy,standard_len12_program_exact
compiler_trace,trace_bootstrap,1,1,41.0858154296875,True,1.0,4.570854187011719,4.555853366851807,1.1046651601791382,4.645595550537109,4.027915000915527,4.356146335601807,4.157222747802734,nan,nan,0.0078125,0.010313953272998333,0.0,0.3151041666666667,0.041666666666666664,0.0,nan,nan,0.015625,0.010307900607585907,0.0,0.3385416666666667,0.052083333333333336,0.0,nan,nan,0.0,0.010304208844900131,0.015625,0.3274739583333333,0.045572916666666664,0.0
compiler_trace,trace_bootstrap,500,500,6.543615745613351e-05,True,1.0,9.374753062729724e-06,6.969988135097083e-06,1.6834883709293536e-08,1.1579631973290816e-06,4.114514013053849e-06,1.7062274082491058e-06,2.1185909645282663e-05,nan,nan,0.9921875,0.9921561479568481,1.0,1.0,0.9973958333333334,0.9921875,nan,nan,0.0078125,0.010552351363003254,1.0,0.59765625,0.3567708333333333,0.0,nan,nan,0.0,0.011335321702063084,1.0,0.494140625,0.20377604166666666,0.0
compiler_trace,trace_bootstrap,1000,1000,3.401468711672351e-05,True,1.0,4.67897780254134e-06,3.544606443028897e-06,1.2427218365473891e-08,5.481778657667746e-07,1.5329463849411695e-06,6.08472760177392e-07,1.2455258001864422e-05,nan,nan,0.9921875,0.9921770095825195,1.0,1.0,0.9973958333333334,0.9921875,nan,nan,0.0,0.009623616002500057,1.0,0.5859375,0.3528645833333333,0.0,nan,nan,0.015625,0.015305858105421066,1.0,0.4915364583333333,0.20442708333333334,0.0
