method,tasks,full_task_exact,row_exact,parse_ok_rate
batch_2,40,0.4,0.7020833333333333,0.9916666666666666
batch_4,40,0.4,0.7166666666666667,0.9916666666666666
batch_all,40,0.45,0.725,1.0
batch_all_rule_hint,40,0.45,0.6895833333333333,1.0
batch_all_shuffled,40,0.425,0.6583333333333333,1.0
row_by_row,40,0.5,0.7208333333333333,1.0
