run_dir,run,split,source_examples,prefix_samples,exact_positive_samples,found_positive_samples,q_positive_samples,q_extra_positive_samples,exact_negative_samples,found_negative_samples,exact_positive_rate,found_positive_rate,q_positive_rate,q_extra_positive_rate,mean_q_value,mean_nonzero_q_value,mean_advantage_value,mean_nonzero_advantage_value,mean_correct_rank
main_budgeted_action_value_s512,main_budgeted_action_value_s512,train,512,67233,2876,48472,48472,45596,64357,18761,0.0427766126753231,0.7209554831704669,0.7209554831704669,0.6781788704951438,0.2588376951597281,0.3590203572923337,0.4148015428220612,0.5753497303299976,7.685736095065192
main_budgeted_action_value_s512,main_budgeted_action_value_s512,val,128,16586,731,11940,11940,11209,15855,4646,0.0440733148438442,0.719884239720246,0.719884239720246,0.6758109248764018,0.2621594228342004,0.3641688598934714,0.4155013467411217,0.5771780014278263,6.893383584589615
pilot_budgeted_action_value_s128,pilot_budgeted_action_value_s128,train,128,15712,677,10797,10797,10120,15035,4915,0.0430880855397148,0.6871817718940937,0.6871817718940937,0.6440936863543788,0.2104871396078226,0.3063048937221552,,,8.68333796424933
pilot_budgeted_action_value_s128,pilot_budgeted_action_value_s128,val,64,7767,350,5465,5465,5115,7417,2302,0.0450624436719454,0.7036178704776619,0.7036178704776619,0.6585554268057165,0.1943704023219948,0.276244266209503,,,9.471546203110703
pilot_budgeted_action_value_s128_advantage,pilot_budgeted_action_value_s128_advantage,train,128,15712,677,10797,10797,10120,15035,4915,0.0430880855397148,0.6871817718940937,0.6871817718940937,0.6440936863543788,0.2104871396078226,0.3063048937221552,0.3838819461742762,0.5586323180781909,8.68333796424933
pilot_budgeted_action_value_s128_advantage,pilot_budgeted_action_value_s128_advantage,val,64,7767,350,5465,5465,5115,7417,2302,0.0450624436719454,0.7036178704776619,0.7036178704776619,0.6585554268057165,0.1943704023219948,0.276244266209503,0.3647485401264276,0.5183901026828843,9.471546203110703
smoke_budgeted_action_value,smoke_budgeted_action_value,train,32,1386,173,754,754,581,1213,632,0.1248196248196248,0.5440115440115441,0.5440115440115441,0.4191919191919191,0.2481348146028867,0.4561204947474814,,,3.616710875331565
smoke_budgeted_action_value,smoke_budgeted_action_value,val,16,728,101,395,395,294,627,333,0.1387362637362637,0.5425824175824175,0.5425824175824175,0.4038461538461538,0.2725130203272294,0.5022518450587925,,,3.711392405063291
