run,arm,seed,stage,stage_idx,local_step,global_step,compiler_max_steps,elapsed_sec,expansion_event,init_loss,op_loss,arg_loss,state_loss,state_train_accuracy,executor_loss,loss
smoke_max24_curriculum_seed123,max24_curriculum,123,stage1_max24,1,1,1,24,1.089,init,4.404494285583496,1.0828008651733398,4.626300811767578,4.576972007751465,0.0,4.577761173248291,46.3607177734375
smoke_max24_curriculum_seed123,max24_curriculum,123,stage2_max24,2,1,2,24,8.81,same,4.592151165008545,1.0875227451324463,4.505051612854004,4.577327251434326,0.0,4.577531814575195,46.63119125366211
smoke_max24_curriculum_seed123,max24_curriculum,123,stage3_max24,3,1,3,24,16.744,same,4.864305019378662,1.0744487047195435,4.5332536697387695,4.577724456787109,0.0,4.577604293823242,47.820011138916016
