run,arm,seed,stage,stage_idx,local_step,global_step,compiler_max_steps,elapsed_sec,expansion_event,init_loss,op_loss,arg_loss,state_loss,state_train_accuracy,executor_loss,loss
pilot_max24_curriculum_seed123,max24_curriculum,123,stage1_max24,1,1,1,24,1.273,init,4.5469465255737305,1.0932180881500244,4.6782450675964355,4.578193187713623,0.0,4.578042507171631,47.15021896362305
pilot_max24_curriculum_seed123,max24_curriculum,123,stage1_max24,1,2,2,24,1.916,init,4.489649772644043,1.186185359954834,4.508962631225586,4.5798821449279785,0.0,4.579827785491943,46.3403434753418
pilot_max24_curriculum_seed123,max24_curriculum,123,stage1_max24,1,4,4,24,3.095,init,4.262725353240967,1.0696234703063965,4.337165832519531,4.579564571380615,0.0,4.579789161682129,44.6285400390625
pilot_max24_curriculum_seed123,max24_curriculum,123,stage2_max24,2,1,5,24,18.635,same,4.402855396270752,1.1018381118774414,4.51606559753418,4.579899311065674,0.0,4.580018043518066,45.93743896484375
pilot_max24_curriculum_seed123,max24_curriculum,123,stage2_max24,2,2,6,24,19.318,same,4.850671768188477,1.1390184164047241,4.39854621887207,4.578715801239014,0.0,4.576447010040283,47.291053771972656
pilot_max24_curriculum_seed123,max24_curriculum,123,stage3_max24,3,1,7,24,35.107,same,4.338231086730957,1.120378017425537,4.397442817687988,4.577632427215576,0.0,4.578205108642578,45.218910217285156
pilot_max24_curriculum_seed123,max24_curriculum,123,stage3_max24,3,2,8,24,35.914,same,4.767797946929932,1.094533085823059,4.448963165283203,4.578306674957275,0.0,4.578662872314453,47.11854934692383
pilot_max24_curriculum_seed123,max24_curriculum,123,stage3_max24,3,4,10,24,37.368,same,4.643501281738281,1.0944441556930542,4.437222480773926,4.577469825744629,0.0,4.578256607055664,46.57306671142578
