{
  "mode": "static",
  "args": {
    "mode": "static",
    "seed": 41,
    "modulus": 11,
    "observe_mod": 4,
    "observe_prob": 0.3,
    "op_family": "full",
    "query_family": "all",
    "train_min_len": 1,
    "train_max_len": 6,
    "eval_lengths": "3,6,9,12",
    "eval_k": "0,1,2,3,6,9,12",
    "eval_query_types": "all",
    "transition_temperature": 1.0,
    "dim": 128,
    "heads": 4,
    "compiler_layers": 2,
    "dropout": 0.05,
    "train_steps": 1200,
    "batch_size": 512,
    "eval_batch_size": 512,
    "eval_examples": 512,
    "lr": 0.001,
    "weight_decay": 0.0,
    "max_grad_norm": 1.0,
    "log_every": 100,
    "eval_every": 1200,
    "output_dir": "experiments/sampled_query_filter_executor/runs/control_static_mod11",
    "checkpoint_dir": "large_artifacts/sampled_query_filter_executor/checkpoints/control_static_mod11"
  },
  "env": {
    "python": "3.12.3",
    "torch": "2.8.0+cu128",
    "device": "cuda",
    "cuda_name": "NVIDIA RTX 6000 Ada Generation"
  },
  "train": [
    {
      "step": 1,
      "loss": 2.401801824569702,
      "grad_norm": 0.12478262186050415,
      "query_target_mass": 0.46619486808776855,
      "query_target_nll": 2.4004404544830322,
      "query_top1_on_support": 0.447265625,
      "mean_query_support_size": 5.12890625,
      "belief_target_mass": 0.047602370381355286,
      "belief_target_nll": 4.814043045043945,
      "belief_top1_on_support": 0.0390625,
      "mean_belief_support_size": 5.740234375
    },
    {
      "step": 100,
      "loss": 2.2613370418548584,
      "grad_norm": 0.27687907218933105,
      "query_target_mass": 0.4610731601715088,
      "query_target_nll": 2.262028455734253,
      "query_top1_on_support": 0.54296875,
      "mean_query_support_size": 4.44140625,
      "belief_target_mass": 0.07907110452651978,
      "belief_target_nll": 4.3502397537231445,
      "belief_top1_on_support": 0.181640625,
      "mean_belief_support_size": 5.197265625
    },
    {
      "step": 200,
      "loss": 2.1398353576660156,
      "grad_norm": 0.3777755796909332,
      "query_target_mass": 0.5341906547546387,
      "query_target_nll": 2.1308608055114746,
      "query_top1_on_support": 0.595703125,
      "mean_query_support_size": 4.662109375,
      "belief_target_mass": 0.14213497936725616,
      "belief_target_nll": 4.0124053955078125,
      "belief_top1_on_support": 0.21875,
      "mean_belief_support_size": 5.52734375
    },
    {
      "step": 300,
      "loss": 2.1137070655822754,
      "grad_norm": 0.4139179587364197,
      "query_target_mass": 0.6143506765365601,
      "query_target_nll": 2.1238503456115723,
      "query_top1_on_support": 0.63671875,
      "mean_query_support_size": 5.42578125,
      "belief_target_mass": 0.17041939496994019,
      "belief_target_nll": 3.9447977542877197,
      "belief_top1_on_support": 0.2421875,
      "mean_belief_support_size": 6.10546875
    },
    {
      "step": 400,
      "loss": 2.1127240657806396,
      "grad_norm": 0.34668031334877014,
      "query_target_mass": 0.5752153396606445,
      "query_target_nll": 2.100615978240967,
      "query_top1_on_support": 0.587890625,
      "mean_query_support_size": 4.994140625,
      "belief_target_mass": 0.15943394601345062,
      "belief_target_nll": 3.954720973968506,
      "belief_top1_on_support": 0.212890625,
      "mean_belief_support_size": 5.6328125
    },
    {
      "step": 500,
      "loss": 2.0348339080810547,
      "grad_norm": 0.38864654302597046,
      "query_target_mass": 0.5656574964523315,
      "query_target_nll": 2.029703140258789,
      "query_top1_on_support": 0.59765625,
      "mean_query_support_size": 4.529296875,
      "belief_target_mass": 0.18685439229011536,
      "belief_target_nll": 3.7458486557006836,
      "belief_top1_on_support": 0.265625,
      "mean_belief_support_size": 5.169921875
    },
    {
      "step": 600,
      "loss": 2.064405918121338,
      "grad_norm": 0.4542027413845062,
      "query_target_mass": 0.5766881108283997,
      "query_target_nll": 2.066196918487549,
      "query_top1_on_support": 0.60546875,
      "mean_query_support_size": 4.671875,
      "belief_target_mass": 0.20121034979820251,
      "belief_target_nll": 3.783067226409912,
      "belief_top1_on_support": 0.2734375,
      "mean_belief_support_size": 5.51171875
    },
    {
      "step": 700,
      "loss": 2.111102819442749,
      "grad_norm": 0.4675286114215851,
      "query_target_mass": 0.5496702790260315,
      "query_target_nll": 2.1184158325195312,
      "query_top1_on_support": 0.552734375,
      "mean_query_support_size": 4.7578125,
      "belief_target_mass": 0.1760592758655548,
      "belief_target_nll": 3.8411145210266113,
      "belief_top1_on_support": 0.23046875,
      "mean_belief_support_size": 5.541015625
    },
    {
      "step": 800,
      "loss": 2.1009347438812256,
      "grad_norm": 0.43415772914886475,
      "query_target_mass": 0.6048676371574402,
      "query_target_nll": 2.0985732078552246,
      "query_top1_on_support": 0.642578125,
      "mean_query_support_size": 5.171875,
      "belief_target_mass": 0.22241786122322083,
      "belief_target_nll": 3.79299259185791,
      "belief_top1_on_support": 0.2734375,
      "mean_belief_support_size": 6.068359375
    },
    {
      "step": 900,
      "loss": 2.0612354278564453,
      "grad_norm": 0.34246915578842163,
      "query_target_mass": 0.5906320810317993,
      "query_target_nll": 2.0603883266448975,
      "query_top1_on_support": 0.625,
      "mean_query_support_size": 5.001953125,
      "belief_target_mass": 0.1966816484928131,
      "belief_target_nll": 3.7407875061035156,
      "belief_top1_on_support": 0.275390625,
      "mean_belief_support_size": 5.623046875
    },
    {
      "step": 1000,
      "loss": 1.9789706468582153,
      "grad_norm": 0.36015284061431885,
      "query_target_mass": 0.6121294498443604,
      "query_target_nll": 1.9854896068572998,
      "query_top1_on_support": 0.6484375,
      "mean_query_support_size": 4.826171875,
      "belief_target_mass": 0.22018520534038544,
      "belief_target_nll": 3.6543467044830322,
      "belief_top1_on_support": 0.283203125,
      "mean_belief_support_size": 5.52734375
    },
    {
      "step": 1100,
      "loss": 1.998335361480713,
      "grad_norm": 0.40076589584350586,
      "query_target_mass": 0.6175277829170227,
      "query_target_nll": 2.000157356262207,
      "query_top1_on_support": 0.65625,
      "mean_query_support_size": 5.01953125,
      "belief_target_mass": 0.21586593985557556,
      "belief_target_nll": 3.6677393913269043,
      "belief_top1_on_support": 0.279296875,
      "mean_belief_support_size": 5.74609375
    },
    {
      "step": 1200,
      "loss": 2.034457206726074,
      "grad_norm": 0.41428500413894653,
      "query_target_mass": 0.5985396504402161,
      "query_target_nll": 2.0268664360046387,
      "query_top1_on_support": 0.6328125,
      "mean_query_support_size": 4.849609375,
      "belief_target_mass": 0.22412095963954926,
      "belief_target_nll": 3.6746044158935547,
      "belief_top1_on_support": 0.267578125,
      "mean_belief_support_size": 5.583984375
    }
  ],
  "eval": [
    {
      "step": 1200,
      "rows": [
        {
          "model": "static",
          "length": 3,
          "query_type": "A",
          "k": -1,
          "n": 512,
          "query_target_mass": 0.6655251383781433,
          "query_target_nll": 1.8408100605010986,
          "query_top1_on_support": 0.740234375,
          "mean_query_support_size": 4.638671875,
          "belief_target_mass": 0.1717384308576584,
          "belief_target_nll": 3.727407455444336,
          "belief_top1_on_support": 0.251953125,
          "mean_belief_support_size": 5.685546875
        },
        {
          "model": "static",
          "length": 3,
          "query_type": "B",
          "k": -1,
          "n": 512,
          "query_target_mass": 0.6609323024749756,
          "query_target_nll": 1.8966748714447021,