run,arm,stage,stage_idx,local_step,global_step,compiler_max_steps,elapsed_sec,expansion_event,init_loss,op_loss,arg_loss,state_loss,state_train_accuracy,executor_loss,loss
pilot_max24_no_curriculum,max24_no_curriculum,stage1_max24,1,1,1,24,2.587,init,4.590240001678467,1.1039576530456543,4.577983379364014,4.57909631729126,0.0,4.579453945159912,46.935401916503906
pilot_max24_no_curriculum,max24_no_curriculum,stage1_max24,1,15,15,24,24.466,init,4.47072172164917,1.094483494758606,4.057218074798584,4.576575756072998,0.0,4.57720422744751,44.36002731323242
pilot_max24_no_curriculum,max24_no_curriculum,stage1_max24,1,30,30,24,48.472,init,3.945693254470825,1.0834176540374756,3.7396697998046875,4.5763349533081055,0.0,4.576767444610596,40.97797393798828
pilot_max24_no_curriculum,max24_no_curriculum,stage1_max24,1,45,45,24,71.936,init,4.773558139801025,1.0905687808990479,3.59173583984375,4.571274280548096,0.0,4.565242290496826,43.68825912475586
pilot_max24_no_curriculum,max24_no_curriculum,stage1_max24,1,60,60,24,95.423,init,4.101237773895264,1.1090598106384277,3.442962646484375,4.565454483032227,0.0,4.577531814575195,40.42884826660156
pilot_max24_no_curriculum,max24_no_curriculum,stage1_max24,1,75,75,24,119.343,init,3.6585161685943604,1.1255985498428345,3.452875852584839,4.574269771575928,0.0,4.574923515319824,38.720359802246094
