run,suite,arm,seed,step,loss,elapsed_s
main_v1_program_python_s202,main,program_python,202,1,9.701209902763367,1.6428296566009521
main_v1_program_python_s202,main,program_python,202,9,1.1383519005030394,14.725500583648682
main_v1_program_python_s202,main,program_python,202,18,0.09562932977860328,29.406460762023926
main_v1_program_python_s202,main,program_python,202,27,0.0009690289734862745,43.978793144226074
main_v1_program_python_s202,main,program_python,202,36,0.001967621581570711,58.59998393058777
main_v1_program_python_s202,main,program_python,202,45,0.0006274423649301752,73.17884039878845
main_v1_program_python_s202,main,program_python,202,48,0.0003988073476648424,77.9263174533844
