phase,base_accuracy,learned_accuracy,oracle_accuracy,learned_valid_rate,mean_selected_score,gap_recovered
train_candidates,0.1015625,0.140625,0.21875,0.97265625,0.30865305672500654,0.3333333333333333
val_candidates,0.09375,0.140625,0.21875,1.0,0.3661241649660951,0.375
