method,tasks,row_exact,full_task_exact,used_program_rate,helped_vs_direct,hurt_vs_direct
direct_qwen_row,24,0.8229166666666666,0.75,,0,0
program_ceg_gated,24,0.8229166666666666,0.75,0.20833333333333334,0,0
program_ceg_router,24,0.8229166666666666,0.75,0.2916666666666667,0,0
direct_qwen_batch,24,0.7395833333333334,0.5833333333333334,,0,4
program_ceg,24,0.46875,0.4166666666666667,0.625,0,8
program_random_probe,24,0.46875,0.4166666666666667,0.625,0,8
program_shuffled_probe_labels,24,0.46875,0.4166666666666667,0.625,0,8
hidden_candidate_oracle,24,0.46875,0.4166666666666667,0.625,0,8
program_visible,24,0.4583333333333333,0.375,0.625,0,9
