run,variant,phase,local_step,step,loss,train_examples,quick_answer_head_accuracy,quick_bytecode_accuracy,quick_program_exact,op_loss,arg_loss,answer_loss
pilot_semantic_prefix_value_s128_ranked,frozen_compiler,compiler_train,1,1,8.28596019744873,128,0.03125,0.0,0.0,2.8449463844299316,4.537439346313477,4.517874240875244
pilot_semantic_prefix_value_s128_ranked,frozen_compiler,compiler_train,55,55,1.1105761528015137,128,0.109375,0.140625,0.0,0.10232414305210114,0.5250882506370544,2.415818929672241
pilot_semantic_prefix_value_s128_ranked,frozen_compiler,compiler_train,110,110,0.7569606900215149,128,0.109375,0.09375,0.0,0.030328113585710526,0.3544510006904602,1.860907793045044
pilot_semantic_prefix_value_s128_ranked,frozen_compiler,compiler_train,165,165,0.44475677609443665,128,0.09375,0.140625,0.015625,0.016162261366844177,0.12343655526638031,1.525789737701416
pilot_semantic_prefix_value_s128_ranked,frozen_compiler,compiler_train,220,220,0.2862323820590973,128,0.125,0.125,0.046875,0.00858804490417242,0.04056929796934128,1.1853752136230469
