run,suite,arm,seed,step,loss,elapsed_s
main_v1_program_stack_s202,main,program_stack,202,1,9.848560571670532,1.7182068824768066
main_v1_program_stack_s202,main,program_stack,202,9,0.9520677626132965,14.931696891784668
main_v1_program_stack_s202,main,program_stack,202,18,0.005144883471075445,29.537619829177856
main_v1_program_stack_s202,main,program_stack,202,27,0.0012225354730617255,44.03771185874939
main_v1_program_stack_s202,main,program_stack,202,36,0.0004254682717146352,58.46295142173767
main_v1_program_stack_s202,main,program_stack,202,45,0.0014891046012053266,73.23391127586365
main_v1_program_stack_s202,main,program_stack,202,48,0.0012813776411348954,78.27435111999512
