run,phase,epoch,loss,action_accuracy,kind_accuracy,slot_accuracy,op_accuracy,arg_accuracy,stop_accuracy,solved_bce,distance_mae,train_states,stop_labels
pilot_joint_action_s96_r2,bc_policy,1,3.8226763757936033,0.3873343151693667,0.8203240058910162,0.6452173913043479,0.43291139240506327,0.18888888888888888,0.8365384615384616,0.3054429717548466,2.8855431161502674,679,91
pilot_joint_action_s96_r2,bc_policy,2,2.023878386822997,0.5699558173784978,0.9425625920471281,0.9531772575250836,0.5966981132075472,0.41379310344827586,0.8024691358024691,0.17000449594763137,2.398505598570005,679,91
pilot_joint_action_s96_r2,dagger_r1_policy,1,1.2287663180677015,0.7162673392181589,0.9281210592686002,0.9571230982019364,0.7908163265306123,0.4740740740740741,0.6714285714285714,0.1169534878532812,2.1349331195387533,793,106
pilot_joint_action_s96_r2,dagger_r2_policy,1,2.0452634467287014,0.6525787965616046,0.8968481375358166,0.8064269319051263,0.738243123336291,0.5555555555555556,0.34831460674157305,0.16782619868055584,2.0536252103297623,1396,140
