{
  "aggregate": 0.30729166666666663,
  "backend": "qwen_vllm",
  "benchmark_runner_sha256": "a3beecd8b5c89ccfd99a172a6d85321d39b9feb6c29d12f10b2f4d7499e273cb",
  "benchmark_source_file_count": 56,
  "benchmark_source_inventory_sha256": "218b8615a95f24da962c931e9cd2dba58d853a7bdcd2847cd8e2c42fc2c05f42",
  "model": "/home/ericflo/Development/small-model-experimentation/large_artifacts/qwen35_4b_universal_curriculum/merged/blend_then_designed_fast",
  "model_merge_receipt_sha256": "d1a77ff76f3f00598534fec7f44623c6a00ed344be6863c2be6af9f3f26154e9",
  "per_family": {
    "chronicle": 0.875,
    "lockpick": 0.0,
    "menders": 0.020833333333333332,
    "mirage": 0.25,
    "rites": 0.0,
    "siftstack": 0.75,
    "sirens": 0.5,
    "stockade": 0.0,
    "toolsmith": 0.6770833333333334,
    "warren": 0.0
  },
  "schema_version": 1,
  "seed": 78131,
  "stage": "menagerie_aggregate_gateway",
  "think_budget": 1024,
  "tier": "quick",
  "wall_seconds": 155.93878379592206,
  "within_budget": true
}
