{
  "contexts": [
    "exec_observation",
    "exec_input_only",
    "shuffled_exec",
    "full_reference"
  ],
  "experiment": "qwen35_4b_reliability_exec_opsd_audit",
  "fork_rows": 864,
  "fork_summary": {
    "exec_input_only/hint_overlap": {
      "context": "exec_input_only",
      "frac_delta_over_student_positive": 0.3765432098765432,
      "frac_prefers_correct": 0.7469135802469136,
      "mean_correct_positive_pressure": 0.028257890198946978,
      "mean_delta_over_student": -0.23302012382711393,
      "mean_preference": 2.507340777525359,
      "mean_student_preference": 2.7403609013524726,
      "mean_sum_preference": 2.99383928746353,
      "mean_wrong_positive_pressure": 0.2106131457497554,
      "median_preference": 0.5350189208984375,
      "n": 162,
      "stratum": "hint_overlap"
    },
    "exec_input_only/task_specific": {
      "context": "exec_input_only",
      "frac_delta_over_student_positive": 0.6111111111111112,
      "frac_prefers_correct": 0.9814814814814815,
      "mean_correct_positive_pressure": 0.009480608834160699,
      "mean_delta_over_student": 0.025709095613035634,
      "mean_preference": 4.5990645418879845,
      "mean_student_preference": 4.573355446274949,
      "mean_sum_preference": 31.24588322860223,
      "mean_wrong_positive_pressure": 0.03191771330656832,
      "median_preference": 4.640280850728352,
      "n": 54,
      "stratum": "task_specific"
    },
    "exec_observation/hint_overlap": {
      "context": "exec_observation",
      "frac_delta_over_student_positive": 0.6851851851851852,
      "frac_prefers_correct": 0.8827160493827161,
      "mean_correct_positive_pressure": 0.30291819420371036,
      "mean_delta_over_student": 0.5260689785451066,
      "mean_preference": 3.2664298798975797,
      "mean_student_preference": 2.7403609013524726,
      "mean_sum_preference": 6.124494148625268,
      "mean_wrong_positive_pressure": 0.05615443162957338,
      "median_preference": 1.7309550311830308,
      "n": 162,
      "stratum": "hint_overlap"
    },
    "exec_observation/task_specific": {
      "context": "exec_observation",
      "frac_delta_over_student_positive": 0.7222222222222222,
      "frac_prefers_correct": 0.9814814814814815,
      "mean_correct_positive_pressure": 0.0109763675265842,
      "mean_delta_over_student": 0.0626750513517037,
      "mean_preference": 4.636030497626653,
      "mean_student_preference": 4.573355446274949,
      "mean_sum_preference": 31.288878785239326,
      "mean_wrong_positive_pressure": 0.03427689163773152,
      "median_preference": 4.758391507466634,
      "n": 54,
      "stratum": "task_specific"
    },
    "full_reference/hint_overlap": {
      "context": "full_reference",
      "frac_delta_over_student_positive": 0.7098765432098766,
      "frac_prefers_correct": 0.8518518518518519,
      "mean_correct_positive_pressure": 0.4851127311198964,
      "mean_delta_over_student": 0.7730192275367811,
      "mean_preference": 3.513380128889254,
      "mean_student_preference": 2.7403609013524726,
      "mean_sum_preference": 7.313208415184492,
      "mean_wrong_positive_pressure": 0.5108616558122047,
      "median_preference": 2.9714166164398192,
      "n": 162,
      "stratum": "hint_overlap"
    },
    "full_reference/task_specific": {
      "context": "full_reference",
      "frac_delta_over_student_positive": 0.8148148148148148,
      "frac_prefers_correct": 0.9814814814814815,
      "mean_correct_positive_pressure": 0.05424054485780222,
      "mean_delta_over_student": 0.23730876985050386,
      "mean_preference": 4.810664216125453,
      "mean_student_preference": 4.573355446274949,
      "mean_sum_preference": 32.00657910550082,
      "mean_wrong_positive_pressure": 0.013963325944527118,
      "median_preference": 4.769939581553141,
      "n": 54,
      "stratum": "task_specific"
    },
    "shuffled_exec/hint_overlap": {
      "context": "shuffled_exec",
      "frac_delta_over_student_positive": 0.7407407407407407,
      "frac_prefers_correct": 0.8888888888888888,
      "mean_correct_positive_pressure": 0.31544119971606305,
      "mean_delta_over_student": 0.6122044960003659,
      "mean_preference": 3.352565397352839,
      "mean_student_preference": 2.7403609013524726,
      "mean_sum_preference": 6.425002404937038,
      "mean_wrong_positive_pressure": 0.04464514069105863,
      "median_preference": 2.3851114829381306,
      "n": 162,
      "stratum": "hint_overlap"
    },
    "shuffled_exec/task_specific": {
      "context": "shuffled_exec",
      "frac_delta_over_student_positive": 0.7777777777777778,
      "frac_prefers_correct": 0.9814814814814815,
      "mean_correct_positive_pressure": 0.007834877680849147,
      "mean_delta_over_student": 0.07863793683745879,
      "mean_preference": 4.651993383112408,
      "mean_student_preference": 4.573355446274949,
      "mean_sum_preference": 31.45407474482501,
      "mean_wrong_positive_pressure": 0.013092794536072504,
      "median_preference": 4.7800563494364425,
      "n": 54,
      "stratum": "task_specific"
    }
  },
  "gate": {
    "exec_task_specific_delta_over_student": 0.0626750513517037,
    "exec_task_specific_frac_prefers_correct": 0.9814814814814815,
    "exec_task_specific_mean": 4.636030497626653,
    "full_reference_task_specific_delta_over_student": 0.23730876985050386,
    "full_reference_task_specific_mean": 4.810664216125453,
    "input_only_task_specific_delta_over_student": 0.025709095613035634,
    "input_only_task_specific_mean": 4.5990645418879845,
    "passed": false,
    "reason": "execution observation does not add task-specific correct-branch preference beyond student and shuffled control",
    "shuffled_exec_task_specific_delta_over_student": 0.07863793683745879,
    "shuffled_exec_task_specific_mean": 4.651993383112408,
    "task_specific_forks": 54
  },
  "pairs": 59,
  "paths": {
    "fork_out": "data/exec_fork_pressure_scores.jsonl",
    "token_out": "data/exec_token_pressure_scores.jsonl"
  },
  "token_rows": 31924,
  "token_summary": {
    "exec_input_only/correct/discriminating_correct": {
      "bucket": "discriminating_correct",
      "candidate_kind": "correct",
      "context": "exec_input_only",
      "mean_gap": -0.04145462860688456,
      "mean_positive_gap": 0.05477196443965033,
      "n": 2009,
      "positive_rate": 0.4250871080139373
    },
    "exec_input_only/correct/shared_content": {
      "bucket": "shared_content",
      "candidate_kind": "correct",
      "context": "exec_input_only",
      "mean_gap": -0.002553988449840339,
      "mean_positive_gap": 0.011757905732853749,
      "n": 554,
      "positive_rate": 0.4693140794223827
    },
    "exec_input_only/correct/shared_other": {
      "bucket": "shared_other",
      "candidate_kind": "correct",
      "context": "exec_input_only",
      "mean_gap": -0.033443883260091144,
      "mean_positive_gap": 0.034912096659342445,
      "n": 75,
      "positive_rate": 0.30666666666666664
    },
    "exec_input_only/correct/shared_parse_format": {
      "bucket": "shared_parse_format",
      "candidate_kind": "correct",
      "context": "exec_input_only",
      "mean_gap": 0.053000137869235686,
      "mean_positive_gap": 0.0704901872482975,
      "n": 452,
      "positive_rate": 0.497787610619469
    },
    "exec_input_only/correct/whitespace_or_unknown": {
      "bucket": "whitespace_or_unknown",
      "candidate_kind": "correct",
      "context": "exec_input_only",
      "mean_gap": 0.02631562394419993,
      "mean_positive_gap": 0.03163664003056804,
      "n": 635,
      "positive_rate": 0.4346456692913386
    },
    "exec_input_only/wrong/discriminating_wrong": {
      "bucket": "discriminating_wrong",
      "candidate_kind": "wrong",
      "context": "exec_input_only",
      "mean_gap": 0.004872939859534905,
      "mean_positive_gap": 0.03388842051735589,
      "n": 2123,
      "positive_rate": 0.437588318417334
    },
    "exec_input_only/wrong/shared_content": {
      "bucket": "shared_content",