run,suite,arm,seed,step,loss,elapsed_s
pilot_v1_trace_stack_final_s101,pilot,trace_stack_final,101,1,5.495129108428955,0.8994121551513672
pilot_v1_trace_stack_final_s101,pilot,trace_stack_final,101,4,1.5810362696647644,3.5635666847229004
pilot_v1_trace_stack_final_s101,pilot,trace_stack_final,101,8,0.5264866799116135,7.069253444671631
pilot_v1_trace_stack_final_s101,pilot,trace_stack_final,101,12,0.2764979153871536,10.566912174224854
pilot_v1_trace_stack_final_s101,pilot,trace_stack_final,101,16,0.07227932661771774,14.063527822494507
pilot_v1_trace_stack_final_s101,pilot,trace_stack_final,101,20,0.2466440238058567,17.573663234710693
pilot_v1_trace_stack_final_s101,pilot,trace_stack_final,101,24,0.004240803798893467,21.139577627182007
