run,variant,epoch,loss,action_ce,observation_ce,train_examples,action_tokens,observation_tokens
pilot_vm_agent_echo_s64_a96,action_only,1,1.1368688222189884,0.41508529565256574,0.24879455071633583,96,4543,143149
pilot_vm_agent_echo_s64_a96,action_only,2,0.08850046649519662,0.0020634708880527836,0.5738837809878101,96,4543,143149
pilot_vm_agent_echo_s64_a96,echo,1,0.5663308893234991,0.48011814679788506,0.19752438318868556,96,4543,143149
pilot_vm_agent_echo_s64_a96,echo,2,0.1492621164851212,0.0175808344502002,0.1069769679958873,96,4543,143149
