model,length,k,n,target_mass,target_nll,top1_on_support,mean_support_size
static,3,-1,1024,0.1751817688345909,3.8270480632781982,0.2255859375,5.8076171875
static,6,-1,1024,0.08189087361097336,3.9976162910461426,0.087890625,3.6796875
static,9,-1,1024,0.03370867110788822,5.403295278549194,0.033203125,2.5771484375
static,12,-1,1024,0.022679103538393974,5.4389870166778564,0.029296875,2.0
