arm,phase,epoch,train_examples,echo_weight,loss,program_loss,op_loss,arg_loss,answer_loss,echo_loss,trace_top_loss,trace_depth_loss,vm_final_loss,vm_valid_loss,quick_val_direct_accuracy,quick_val_valid_rate,quick_val_echo_trace_top_accuracy,quick_val_echo_final_accuracy
baseline,baseline_seed_supervised,1,16,0.0,7.073465824127197,7.073465824127197,2.2863799333572388,3.843541741371155,4.7177207469940186,8.21726369857788,4.64438796043396,2.6962883472442627,4.675276517868042,0.7836084365844727,0.0,0.0,0.00390625,0.0
baseline,baseline_expert_round_1,1,16,0.0,4.776960372924805,4.776960372924805,1.7403369545936584,2.1182177662849426,4.592028617858887,8.178722381591797,4.576666593551636,2.61263906955719,4.653339624404907,1.1516517400741577,0.0,0.0,0.00390625,0.0
baseline,baseline_full_supervised,1,16,0.0,7.049378156661987,7.049378156661987,2.265392541885376,3.8508455753326416,4.665701866149902,8.12323260307312,4.546698093414307,2.7301580905914307,4.65659499168396,0.7808679044246674,0.0,0.0,0.00390625,0.0
vm_echo,vm_echo_seed_supervised,1,16,0.35,9.94475269317627,7.11137580871582,2.3071677684783936,3.854759931564331,4.747241497039795,8.095361709594727,4.645474433898926,2.6025272607803345,4.559752702713013,0.6449978351593018,0.0,0.0,0.0234375,0.0
vm_echo,vm_echo_expert_round_1,1,16,0.35,7.525651454925537,4.837975263595581,1.7857971787452698,2.1327893137931824,4.5969438552856445,7.679075002670288,4.5287463665008545,2.1675496101379395,4.3750691413879395,0.4788731783628464,0.0,0.0,0.05078125,0.0
vm_echo,vm_echo_full_supervised,1,16,0.35,9.864665508270264,7.05504035949707,2.267565608024597,3.8542386293411255,4.66618013381958,8.02750015258789,4.528120040893555,2.6657098531723022,4.594786643981934,0.6785138845443726,0.0,0.0,0.00390625,0.0
