task_id,family,arm,step,loss
Number.000077,Number,learned,0,4.000029563903809
Number.000077,Number,learned,1,3.0513994693756104
Number.000077,Number,shuffled,0,4.000029563903809
Number.000077,Number,shuffled,1,3.0513994693756104
UserAgent.000003,UserAgent,learned,0,3.5322082112543285e-05
UserAgent.000003,UserAgent,learned,1,3.825476596830413e-06
UserAgent.000003,UserAgent,shuffled,0,7.140807628631592
UserAgent.000003,UserAgent,shuffled,1,6.641064167022705
