step,loss,pos_loss,margin_loss,lr
1,6.19140625,6.19140625,0.0,1e-05
10,5.833984375,5.833984375,0.0,0.0001
20,0.8982275009155274,0.8982275009155274,0.0,0.0002
30,0.2531561657786369,0.2531561657786369,0.0,0.00018660254037844388
40,0.3644892849028111,0.3644892849028111,0.0,0.00015000000000000001
50,0.17329586446285247,0.17329586446285247,0.0,0.0001
60,0.25539976358413696,0.25539976358413696,0.0,5.000000000000002e-05
70,0.10864510536193847,0.10864510536193847,0.0,1.339745962155613e-05
80,0.20695788860321046,0.20695788860321046,0.0,0.0
