run,variant,phase,local_step,step,loss,train_examples,quick_answer_head_accuracy,quick_bytecode_accuracy,quick_program_exact,op_loss,arg_loss,answer_loss
main_qwen3_4b_qlora_trace_ei_s256_u1024,qlora_trace_ei,seed_trace,1,1,8.446755409240723,256,0.0,0.09375,0.0,2.6590757369995117,4.826244354248047,4.807176113128662
main_qwen3_4b_qlora_trace_ei_s256_u1024,qlora_trace_ei,seed_trace,150,150,1.4522699117660522,256,0.125,0.09375,0.015625,0.22390104830265045,0.6553334593772888,2.8651771545410156
main_qwen3_4b_qlora_trace_ei_s256_u1024,qlora_trace_ei,seed_trace,300,300,0.8687541484832764,256,0.15625,0.171875,0.078125,0.0032189423218369484,0.628246545791626,1.1864430904388428
main_qwen3_4b_qlora_trace_ei_s256_u1024,qlora_trace_ei,expert_round_1,1,301,1.2161678075790405,853,0.140625,0.21875,0.0625,0.04199707508087158,0.44417789578437805,3.649963855743408
main_qwen3_4b_qlora_trace_ei_s256_u1024,qlora_trace_ei,expert_round_1,150,450,0.6878037452697754,853,0.15625,0.265625,0.125,0.06459558755159378,0.24411407113075256,1.8954702615737915
main_qwen3_4b_qlora_trace_ei_s256_u1024,qlora_trace_ei,expert_round_1,200,500,0.7184218168258667,853,0.125,0.25,0.109375,0.004083084408193827,0.31846603751182556,1.979363203048706
main_qwen3_4b_qlora_trace_ei_s256_u1024,qlora_trace_ei,expert_round_2,1,501,0.28875285387039185,955,0.15625,0.171875,0.109375,0.07522781193256378,0.09646591544151306,0.5852956175804138
main_qwen3_4b_qlora_trace_ei_s256_u1024,qlora_trace_ei,expert_round_2,100,600,0.5035920143127441,955,0.21875,0.34375,0.1875,0.006358695216476917,0.1429649293422699,1.7713420391082764
main_qwen3_4b_qlora_trace_ei_s256_u1024,qlora_trace_ei,expert_round_2,200,700,0.4511866867542267,955,0.203125,0.359375,0.234375,0.0043824948370456696,0.013556325808167458,2.1662392616271973
