step,loss,lr
1,7.813916623592377,1e-05
10,6.827197551727295,0.0001
20,0.9961844147958345,0.0002
30,0.11389763796423721,0.0001923879532511287
40,0.0810124001013719,0.00017071067811865476
50,0.09631834861861535,0.000138268343236509
60,0.12032694257632101,0.0001
70,0.030828900603592047,6.173165676349103e-05
80,0.06608747861309894,2.9289321881345254e-05
90,0.24864382132573154,7.612046748871327e-06
100,0.10908530319757119,0.0
