run,suite,arm,seed,step,loss,elapsed_s
pilot_v1_answer_only_s101,pilot,answer_only,101,1,6.5709686279296875,1.0177910327911377
pilot_v1_answer_only_s101,pilot,answer_only,101,4,1.537944734096527,3.5728938579559326
pilot_v1_answer_only_s101,pilot,answer_only,101,8,0.36878010211512446,7.115076303482056
pilot_v1_answer_only_s101,pilot,answer_only,101,12,0.46143659949302673,10.69360637664795
pilot_v1_answer_only_s101,pilot,answer_only,101,16,0.16691772360354662,14.242159843444824
pilot_v1_answer_only_s101,pilot,answer_only,101,20,0.2728217989206314,17.76998805999756
pilot_v1_answer_only_s101,pilot,answer_only,101,24,0.19977782585192472,21.29248833656311
