run,variant,epoch,loss,action_ce,observation_ce,train_examples,action_tokens,observation_tokens
main_vm_agent_echo_blank_a512_stoprule,action_only,1,0.6465890697867743,0.25086333685895806,0.19985028201356098,512,17293,531123
main_vm_agent_echo_blank_a512_stoprule,action_only,2,0.17843010819562274,0.2020307454099414,0.19330987111055986,512,17293,531123
main_vm_agent_echo_blank_a512_stoprule,action_only,3,0.1593039507520044,0.2029195043568505,0.20099414626472648,512,17293,531123
main_vm_agent_echo_blank_a512_stoprule,echo,1,0.2830153577533329,0.2199598798722263,0.04388458813498678,512,17293,531123
main_vm_agent_echo_blank_a512_stoprule,echo,2,0.08088559326371288,0.19898384584725537,0.01735389744408032,512,17293,531123
main_vm_agent_echo_blank_a512_stoprule,echo,3,0.0689046713907184,0.18946200605965136,0.013127320281820268,512,17293,531123
