{
  "arm": "base",
  "model": "base",
  "per_family": {
    "brinework": 0.5,
    "burrowmaze": 0.7142857142857143,
    "caravan": 0.5,
    "ferrier": 0.7857142857142857,
    "foundry_ledger": 0.4166666666666667,
    "gatepost": 0.8571428571428571,
    "glyphgate": 0.14285714285714285,
    "kilnrite": 0.7000000000000001,
    "loomfix": 0.21428571428571427,
    "runeward": 0.75,
    "spindle": 0.625,
    "stallwright": 0.0
  },
  "aggregate_all": 0.5171626984126984,
  "aggregate_trained": 0.508095238095238,
  "aggregate_heldout": 0.5625,
  "forced_close_rate_atoms": 0.9166666666666666,
  "n_atoms": 144,
  "n_episodes": 14,
  "wall_s": 203.39925861358643
}