{
  "arm": "shuffled",
  "stage": "collapse",
  "model": "../../large_artifacts/qwen35_4b_think_ftpo_round1/merged/shuffled",
  "greedy": {
    "n": 120,
    "success": 0.058333333333333334,
    "mean_score": 0.058333333333333334,
    "loop_rate": 0.016666666666666666,
    "unresolved_rate": 0.9833333333333333,
    "answer_limit_rate": 0.8333333333333334,
    "natural_close_rate": 0.0,
    "mean_think_tokens": 1024.0
  },
  "pass@8": 0.10833333333333334,
  "wall_s": 849.3442122936249
}