{
  "arm": "base",
  "stage": "formats",
  "model": "base",
  "variant1": {
    "n": 140,
    "success": 0.014285714285714285,
    "mean_score": 0.014285714285714285,
    "loop_rate": 0.0,
    "unresolved_rate": 1.0,
    "answer_limit_rate": 0.5071428571428571,
    "natural_close_rate": 0.0,
    "mean_think_tokens": 1024.0
  },
  "variant2": {
    "n": 140,
    "success": 0.45714285714285713,
    "mean_score": 0.45714285714285713,
    "loop_rate": 0.0,
    "unresolved_rate": 0.9857142857142858,
    "answer_limit_rate": 0.5214285714285715,
    "natural_close_rate": 0.014285714285714285,
    "mean_think_tokens": 1020.7
  },
  "wall_s": 201.48683834075928
}