{
  "arm": "pivot",
  "stage": "main",
  "model": "../../large_artifacts/qwen35_4b_think_ftpo_round1/merged/pivot",
  "think@1024": {
    "n": 490,
    "success": 0.45918367346938777,
    "mean_score": 0.45918367346938777,
    "loop_rate": 0.0020408163265306124,
    "unresolved_rate": 0.9959183673469387,
    "answer_limit_rate": 0.47551020408163264,
    "natural_close_rate": 0.0020408163265306124,
    "mean_think_tokens": 1023.5979591836734
  },
  "think@1024_per_source": {
    "gym": {
      "n": 455,
      "success": 0.4747252747252747,
      "mean_score": 0.4747252747252747,
      "loop_rate": 0.002197802197802198,
      "unresolved_rate": 0.9956043956043956,
      "answer_limit_rate": 0.4703296703296703,
      "natural_close_rate": 0.002197802197802198,
      "mean_think_tokens": 1023.567032967033
    },
    "code": {
      "n": 35,
      "success": 0.2571428571428571,
      "mean_score": 0.2571428571428571,
      "loop_rate": 0.0,
      "unresolved_rate": 1.0,
      "answer_limit_rate": 0.5428571428571428,
      "natural_close_rate": 0.0,
      "mean_think_tokens": 1024.0
    }
  },
  "think@2048": {
    "n": 490,
    "success": 0.46530612244897956,
    "mean_score": 0.46530612244897956,
    "loop_rate": 0.0020408163265306124,
    "unresolved_rate": 0.9224489795918367,
    "answer_limit_rate": 0.4897959183673469,
    "natural_close_rate": 0.07551020408163266,
    "mean_think_tokens": 2013.5816326530612
  },
  "think@2048_per_source": {
    "gym": {
      "n": 455,
      "success": 0.47912087912087914,
      "mean_score": 0.47912087912087914,
      "loop_rate": 0.002197802197802198,
      "unresolved_rate": 0.9164835164835164,
      "answer_limit_rate": 0.47912087912087914,
      "natural_close_rate": 0.08131868131868132,
      "mean_think_tokens": 2010.934065934066
    },
    "code": {
      "n": 35,
      "success": 0.2857142857142857,
      "mean_score": 0.2857142857142857,
      "loop_rate": 0.0,
      "unresolved_rate": 1.0,
      "answer_limit_rate": 0.6285714285714286,
      "natural_close_rate": 0.0,
      "mean_think_tokens": 2048.0
    }
  },
  "wall_s": 858.7652988433838
}