{
  "arm": "pivot",
  "stage": "collapse",
  "model": "../../large_artifacts/qwen35_4b_think_ftpo_round1/merged/pivot",
  "greedy": {
    "n": 120,
    "success": 0.06666666666666667,
    "mean_score": 0.06666666666666667,
    "loop_rate": 0.008333333333333333,
    "unresolved_rate": 0.9916666666666667,
    "answer_limit_rate": 0.7083333333333334,
    "natural_close_rate": 0.0,
    "mean_think_tokens": 1024.0
  },
  "pass@8": 0.1,
  "wall_s": 838.4791285991669
}