run,suite,arm,seed,step,loss,elapsed_s
main_v1_trace_stack_final_s101,main,trace_stack_final,101,1,10.001602292060852,1.6339881420135498
main_v1_trace_stack_final_s101,main,trace_stack_final,101,9,0.5874567031860352,14.677469491958618
main_v1_trace_stack_final_s101,main,trace_stack_final,101,18,0.1176484965835698,29.281559228897095
main_v1_trace_stack_final_s101,main,trace_stack_final,101,27,0.055841388180851936,44.03145909309387
main_v1_trace_stack_final_s101,main,trace_stack_final,101,36,0.017839475462096743,59.50592088699341
main_v1_trace_stack_final_s101,main,trace_stack_final,101,45,0.004554723891487811,74.91980314254761
main_v1_trace_stack_final_s101,main,trace_stack_final,101,48,0.08182520313857822,79.8053777217865
