run,suite,arm,seed,step,loss,elapsed_s
pilot_v1_answer_s101,pilot,answer,101,1,8.547149896621704,1.059255838394165
pilot_v1_answer_s101,pilot,answer,101,4,3.1962519884109497,3.625370740890503
pilot_v1_answer_s101,pilot,answer,101,8,0.2703518853522837,7.10162091255188
pilot_v1_answer_s101,pilot,answer,101,12,0.18375342013314366,10.58075213432312
pilot_v1_answer_s101,pilot,answer,101,16,0.4944652811391279,14.075235605239868
pilot_v1_answer_s101,pilot,answer,101,20,0.16764773335307837,17.519986629486084
pilot_v1_answer_s101,pilot,answer,101,24,0.23079539462924004,20.96848702430725
