run,phase,epoch,loss,action_accuracy,kind_accuracy,slot_accuracy,op_accuracy,arg_accuracy,stop_accuracy,rank_pair_accuracy,solved_bce,distance_mae,pg_loss,echo_loss,mean_reward,mean_advantage,next_valid_accuracy,next_final_accuracy,train_states,stop_labels
smoke_fuyu_grpo_echo_20260624,bc_policy,1,5.134752801486424,0.17857142857142858,0.5,0.3181818181818182,0.25,0.1,0.3333333333333333,0.0,0.5347281289952142,2.5107614201094424,0.0,8.158742683274406,0.0,0.0,0.6785714285714286,0.32142857142857145,28,4
smoke_fuyu_grpo_echo_20260624,grpo_echo_r1_policy,1,1.3859759191672008,0.06666666666666667,0.4,0.0,0.2,0.0,0.14285714285714285,0.0,0.24861408869425455,2.7424454053243,0.8558955033620198,7.876994323730469,-0.21666666467984516,0.2,0.5333333333333333,0.5333333333333333,15,7
