run,phase,epoch,loss,train_samples,positive_rate,val_accuracy,val_auc,val_positive_rate
pilot_prefix_state_verifier_s128,verifier_train,1,0.8949949594726166,6841,0.10188568922672124,0.716695753344968,0.8489654485428051,0.10645724258289703
pilot_prefix_state_verifier_s128,verifier_train,2,0.6588346607816479,6841,0.10188568922672124,0.803955788248982,0.8924642816484517,0.10645724258289703
pilot_prefix_state_verifier_s128,verifier_train,3,0.5680028170787212,6841,0.10188568922672124,0.8627108784176847,0.9126928221766849,0.10645724258289703
pilot_prefix_state_verifier_s128,verifier_train,4,0.5266763970458426,6841,0.10188568922672124,0.8819080860965678,0.9213306864754098,0.10645724258289703
