split,learned_queries,parse_ok_rate,fallback_rate,avg_chosen_rank,avg_chosen_actual_eliminated,avg_oracle_actual_eliminated
ceiling,720,1.0,0.0,4.233333333333333,8.372222222222222,19.915277777777778
iid,360,1.0,0.0,3.7916666666666665,5.708333333333333,12.033333333333333
support,720,1.0,0.0,5.343055555555556,11.429166666666667,25.608333333333334
