method,tasks,row_exact,full_task_exact,train_pass_rate,tasks_helped_vs_direct,tasks_hurt_vs_direct
direct_row,3,0.8888888888888888,0.6666666666666666,,0,0
direct_batch,3,0.7777777777777777,0.6666666666666666,,0,0
monolithic_program,3,0.4444444444444444,0.3333333333333333,0.6666666666666666,0,1
recursive_program,3,0.4444444444444444,0.3333333333333333,0.6666666666666666,0,1
recursive_oracle,3,0.4444444444444444,0.3333333333333333,0.6666666666666666,0,1
recursive_shuffled,3,0.1111111111111111,0.0,0.3333333333333333,0,2
