length,mean_query_support_size,mean_belief_support_size,best_query_mass_before_k_ge_l,best_belief_mass_before_k_ge_l,first_k_ge_l,query_mass_at_first_k_ge_l,belief_mass_at_first_k_ge_l,query_top1_at_first_k_ge_l,belief_top1_at_first_k_ge_l
4,10.87109375,12.6328125,0.4592977985739708,0.13773808628320688,4,0.9905744940042496,0.978472962975502,1.0,1.0
8,6.01318359375,6.83203125,0.2553146108984947,0.0398039417341351,8,0.9775246828794479,0.9623396545648575,1.0,1.0
12,3.59716796875,4.04443359375,0.184804730117321,0.03186474647372955,12,0.9660712629556656,0.9506359845399857,1.0,1.0
16,2.44677734375,2.75634765625,0.16630438156425947,0.04070315510034555,16,0.9584390074014664,0.9435089975595474,1.0,1.0
24,1.69873046875,1.78759765625,0.07256314996629952,0.008356277365237426,24,0.9513501226902008,0.9368644058704376,1.0,1.0
