run,suite,arm,seed,step,loss,elapsed_s
main_v1_answer_s101,main,answer,101,1,16.485382318496704,1.7955589294433594
main_v1_answer_s101,main,answer,101,9,1.1207223737146705,14.869909048080444
main_v1_answer_s101,main,answer,101,18,0.1349258577101864,29.49074935913086
main_v1_answer_s101,main,answer,101,27,0.011710644568665884,43.86361265182495
main_v1_answer_s101,main,answer,101,36,0.17185424032868468,58.04705572128296
main_v1_answer_s101,main,answer,101,45,0.006868179400044028,72.22819685935974
main_v1_answer_s101,main,answer,101,48,0.058186828980979044,77.03190398216248
