{
  "counterfactual_policy": true,
  "data_receipt": {
    "manifest_sha256": "b0aeb1e81da6b885d5792918c6acba20ee7474363f1b082343adfd5f104ca2f5",
    "receipt_sha256": "ed5ba0bc730862cbc4d1c547203d45a43f20dd6583082a6f7c871a87c1394b28",
    "split_sha256": {
      "causal_confirmation": "84d8356cc5325986cc3cfab2b36005640dae8a8bc06ee0206dc20ca489f2e0d5",
      "seam_confirmation": "710b2c411403dfaee3f01712cf527250b80b437a8d16159a853ed04f8c87a84b",
      "seam_selection": "c570d766e122df6b03689334c5d86ae6b443e15914952fe7e6c25dfa4f8741ac",
      "value_fit": "fa4a1592d293db69d4aaa34f4bad737c2f3b104a144a2912013bcbb5e0db5afa"
    }
  },
  "decision": "POWERED_COMMIT_SLOT_SEAM_QUALIFIED",
  "design_passed": true,
  "elapsed_seconds": 11669.621450081468,
  "freeform_answer_tokens": 5235,
  "freeform_rows_sha256": "9d6f86cca68369de23c225dc6a65882ae60258ae56955d868e0e5a8562fb17ab",
  "items": 113,
  "metrics_by_cap": [
    {
      "cap": 1024,
      "chosen_alias_support": 12,
      "close_only_answer_cap_rate": 0.9144542772861357,
      "close_only_parse_rate": 0.168141592920354,
      "close_only_success_rate": 0.058997050147492625,
      "commit_mode_counts": {
        "forced_at_cap": 339
      },
      "correct_alias_success_support": 11,
      "finite_no_thought_slot_rows_rate": 1.0,
      "finite_shuffled_slot_rows_rate": 1.0,
      "finite_slot_rows_rate": 1.0,
      "full_vocab_top_is_alias_rate": 0.8820058997050148,
      "gate_pass": true,
      "mean_constrained_margin": 1.2000368731563422,
      "mean_correct_alias_full_vocab_probability": 0.19469165558045695,
      "mean_correct_alias_probability": 0.2665635634791395,
      "mean_full_vocab_alias_probability_mass": 0.6679381165532587,
      "mixed_slot_tasks": 32,
      "no_thought_mean_correct_alias_probability": 0.14127771414876134,
      "no_thought_slot_accuracy": 0.09734513274336283,
      "no_thought_slot_successes": 11,
      "observed_gate_reachability": {
        "all_observed_gain_gates_reachable": true,
        "no_thought_gain_gate_reachable_under_accuracy_ceiling": true,
        "shuffled_gain_gate_reachable_under_accuracy_ceiling": true
      },
      "real_minus_no_thought_accuracy": 0.17404129793510326,
      "real_minus_shuffled_thought_accuracy": 0.13569321533923304,
      "shuffled_mean_correct_alias_probability": 0.16472161609737754,
      "shuffled_thought_slot_accuracy": 0.13569321533923304,
      "shuffled_thought_slot_successes": 46,
      "slot_rows": 339,
      "slot_success_rate": 0.2713864306784661,
      "slot_successes": 92,
      "task_bootstrap_resamples": 10000,
      "task_bootstrap_unit": "task",
      "task_real_minus_no_thought_mean": 0.17404129793510323,
      "task_real_minus_no_thought_one_sided_95_lower_diagnostic": 0.12094395280235988,
      "task_real_minus_shuffled_mean": 0.13569321533923304,
      "task_real_minus_shuffled_one_sided_95_lower": 0.08849557522123894,
      "thought_contains_any_alias_rate": 0.4336283185840708,
      "thought_contains_correct_alias_rate": 0.16224188790560473
    }
  ],
  "model_smoke_sha256": "5246a84cc5f6bbcba6c2752caa68f74a1ecc25aa4ec552a4cb71d8a6cff6ece7",
  "no_thought_rows_sha256": "5e0670cc06eec0c5a7b4441b108a379bf22f4b95f0f9a57f88cd2fdee941c6e8",
  "passed": true,
  "peak_allocated_bytes": 8706993152,
  "power_receipt": {
    "actual_gate_uses_nonparametric_task_bootstrap": true,
    "expected_normal_approximation_lower_bound": 0.02842407072433767,
    "method": "one-sided normal approximation using parent task-level differences",
    "one_sided_alpha": 0.05,
    "parent_analysis_sha256": "b36c0a074d22cca60b6adb0e686df1c5f3e3ad0b734e3ae6bb7b39789dfa11b9",
    "parent_experiment": "qwen35_4b_commit_slot_jacobian_value_transport",
    "parent_real_minus_shuffled_mean": 0.08333333333333333,
    "parent_task_standard_deviation": 0.35486043161491804,
    "parent_task_units": 16,
    "parent_terminal_decision": "COMMIT_SLOT_SEAM_FAIL",
    "passed": true,
    "planned_approximate_power": 0.8027450606015709,
    "planned_confirmation_tasks": 113,
    "planned_selection_tasks": 113,
    "planned_traces_per_seam_stage": 339,
    "required_tasks_per_seam_stage": 113,
    "schema_version": 1,
    "scientific_result": false,
    "scope": "powered for the parent's observed real-minus-shuffled task effect; not a promise that the effect replicates and not power for no-thought",
    "sha256": "03001be13f2bca9ca1ce3d58b9d90626d1e68ab2c32c3ceb457766a0e837cfae",
    "target_power": 0.8
  },
  "row_counts": {
    "freeform": 339,
    "no_thought": 113,
    "shuffled_slots": 339,
    "slots": 339,
    "traces": 339
  },
  "schema_version": 1,
  "scientific_result": true,
  "selected_cap": 1024,
  "selection_policy": "single fixed preregistered cap",
  "shuffled_slot_prefill_tokens": 492435,
  "shuffled_slot_rows_sha256": "7e3728ef4c9f5dcf02b9fb1ede29e4cc3c7057fc9ba7763fbd36e3970ebb311b",
  "slot_prefill_tokens": 492435,
  "slot_rows_sha256": "00e81f4cf7cf281fc5bfe0bf94544b5906b9d3d0303e2fde69e87c985bd8d82d",
  "stage": "seam_selection",
  "syntax_supplied_answer_identity_not_supplied": true,
  "trace_forward_calls": 347136,
  "trace_rows_sha256": "b5822382dffb31222ed800248f51fa3110e31e57ff800bb23087139e21bc2060",
  "trace_sampled_tokens": 347136,
  "traces": 339
}
