{
  "counterfactual_policy": true,
  "data_receipt": {
    "manifest_sha256": "b0aeb1e81da6b885d5792918c6acba20ee7474363f1b082343adfd5f104ca2f5",
    "receipt_sha256": "ed5ba0bc730862cbc4d1c547203d45a43f20dd6583082a6f7c871a87c1394b28",
    "split_sha256": {
      "causal_confirmation": "84d8356cc5325986cc3cfab2b36005640dae8a8bc06ee0206dc20ca489f2e0d5",
      "seam_confirmation": "710b2c411403dfaee3f01712cf527250b80b437a8d16159a853ed04f8c87a84b",
      "seam_selection": "c570d766e122df6b03689334c5d86ae6b443e15914952fe7e6c25dfa4f8741ac",
      "value_fit": "fa4a1592d293db69d4aaa34f4bad737c2f3b104a144a2912013bcbb5e0db5afa"
    }
  },
  "decision": "POWERED_COMMIT_SLOT_SEAM_REPLICATED",
  "elapsed_seconds": 11690.538726329803,
  "freeform_answer_tokens": 5263,
  "freeform_rows_sha256": "1b2f6c108b5c3ee71ba4515443c520db0d69139425f136536b67f2b3ccad8f12",
  "items": 113,
  "metrics": {
    "cap": 1024,
    "chosen_alias_support": 12,
    "close_only_answer_cap_rate": 0.9321533923303835,
    "close_only_parse_rate": 0.16224188790560473,
    "close_only_success_rate": 0.058997050147492625,
    "commit_mode_counts": {
      "forced_at_cap": 339
    },
    "correct_alias_success_support": 10,
    "finite_no_thought_slot_rows_rate": 1.0,
    "finite_shuffled_slot_rows_rate": 1.0,
    "finite_slot_rows_rate": 1.0,
    "full_vocab_top_is_alias_rate": 0.8761061946902655,
    "mean_constrained_margin": 1.0833333333333333,
    "mean_correct_alias_full_vocab_probability": 0.16712054203820392,
    "mean_correct_alias_probability": 0.2392295547651991,
    "mean_full_vocab_alias_probability_mass": 0.6634897820014166,
    "mixed_slot_tasks": 31,
    "no_thought_mean_correct_alias_probability": 0.12473654248947443,
    "no_thought_slot_accuracy": 0.07079646017699115,
    "no_thought_slot_successes": 8,
    "observed_gate_reachability": {
      "all_observed_gain_gates_reachable": true,
      "no_thought_gain_gate_reachable_under_accuracy_ceiling": true,
      "shuffled_gain_gate_reachable_under_accuracy_ceiling": true
    },
    "real_minus_no_thought_accuracy": 0.21828908554572274,
    "real_minus_shuffled_thought_accuracy": 0.1504424778761062,
    "shuffled_mean_correct_alias_probability": 0.15304066217195375,
    "shuffled_thought_slot_accuracy": 0.13864306784660768,
    "shuffled_thought_slot_successes": 47,
    "slot_rows": 339,
    "slot_success_rate": 0.2890855457227139,
    "slot_successes": 98,
    "task_bootstrap_resamples": 10000,
    "task_bootstrap_unit": "task",
    "task_real_minus_no_thought_mean": 0.21828908554572268,
    "task_real_minus_no_thought_one_sided_95_lower_diagnostic": 0.16519174041297932,
    "task_real_minus_shuffled_mean": 0.1504424778761062,
    "task_real_minus_shuffled_one_sided_95_lower": 0.0943952802359882,
    "thought_contains_any_alias_rate": 0.4778761061946903,
    "thought_contains_correct_alias_rate": 0.1976401179941003
  },
  "model_smoke_sha256": "5246a84cc5f6bbcba6c2752caa68f74a1ecc25aa4ec552a4cb71d8a6cff6ece7",
  "no_thought_rows_sha256": "a50b5c5eb420f8b8c548b3d5739f32e02a09093d777a21c02e7fd50a0ea97ea2",
  "passed": true,
  "peak_allocated_bytes": 8704452608,
  "power_receipt": {
    "actual_gate_uses_nonparametric_task_bootstrap": true,
    "expected_normal_approximation_lower_bound": 0.02842407072433767,
    "method": "one-sided normal approximation using parent task-level differences",
    "one_sided_alpha": 0.05,
    "parent_analysis_sha256": "b36c0a074d22cca60b6adb0e686df1c5f3e3ad0b734e3ae6bb7b39789dfa11b9",
    "parent_experiment": "qwen35_4b_commit_slot_jacobian_value_transport",
    "parent_real_minus_shuffled_mean": 0.08333333333333333,
    "parent_task_standard_deviation": 0.35486043161491804,
    "parent_task_units": 16,
    "parent_terminal_decision": "COMMIT_SLOT_SEAM_FAIL",
    "passed": true,
    "planned_approximate_power": 0.8027450606015709,
    "planned_confirmation_tasks": 113,
    "planned_selection_tasks": 113,
    "planned_traces_per_seam_stage": 339,
    "required_tasks_per_seam_stage": 113,
    "schema_version": 1,
    "scientific_result": false,
    "scope": "powered for the parent's observed real-minus-shuffled task effect; not a promise that the effect replicates and not power for no-thought",
    "sha256": "03001be13f2bca9ca1ce3d58b9d90626d1e68ab2c32c3ceb457766a0e837cfae",
    "target_power": 0.8
  },
  "row_counts": {
    "freeform": 339,
    "no_thought": 113,
    "shuffled_slots": 339,
    "slots": 339,
    "traces": 339
  },
  "schema_version": 1,
  "scientific_result": true,
  "selected_cap": 1024,
  "selection_summary_sha256": "1831c36a97cbfd064867d06f5a9932b21fbd43cb5fc4b7ac49b580425178f04b",
  "shuffled_slot_prefill_tokens": 491457,
  "shuffled_slot_rows_sha256": "bd3de3660ee0524e69e606c97f4ff2cfb6a2ba431cff84ce73542da094a6d2ad",
  "slot_prefill_tokens": 491457,
  "slot_rows_sha256": "6d64eb2d3662367579b5440c3e26d3c99e500bf3f570b9d38a96848153ded1d0",
  "stage": "seam_confirmation",
  "syntax_supplied_answer_identity_not_supplied": true,
  "trace_forward_calls": 347136,
  "trace_rows_sha256": "8a20c74572905e6d40a05c2c45a5a63c20817650dd1e0efa48ca761818d7fed7",
  "trace_sampled_tokens": 347136,
  "traces": 339
}
