{
  "aggregate": 0.17383503401360545,
  "per_family": {
    "chronicle": 0.2,
    "lockpick": 0.1,
    "menders": 0.0,
    "mirage": 0.0,
    "rites": 0.1,
    "siftstack": 0.0,
    "sirens": 0.4,
    "stockade": 0.3175170068027211,
    "toolsmith": 0.35416666666666663,
    "warren": 0.26666666666666666
  },
  "within_budget": true,
  "wall_seconds": 243.7
}
