{
  "aggregate": 0.2208723404255319,
  "per_family": {
    "chronicle": 0.3,
    "lockpick": 0.2,
    "menders": 0.0,
    "mirage": 0.1,
    "rites": 0.1,
    "siftstack": 0.0,
    "sirens": 0.5,
    "stockade": 0.17872340425531913,
    "toolsmith": 0.5633333333333332,
    "warren": 0.26666666666666666
  },
  "within_budget": true,
  "wall_seconds": 229.3
}
