{
  "aggregate": 0.09208333333333334,
  "per_family": {
    "chronicle": 0.2,
    "lockpick": 0.0,
    "menders": 0.0,
    "mirage": 0.0,
    "rites": 0.0,
    "siftstack": 0.0,
    "sirens": 0.2,
    "stockade": 0.0,
    "toolsmith": 0.25416666666666665,
    "warren": 0.26666666666666666
  },
  "within_budget": true,
  "wall_seconds": 228.4
}
