{
  "aggregate": 0.3944557823129252,
  "per_family": {
    "chronicle": 0.7,
    "lockpick": 0.2,
    "menders": 0.0,
    "mirage": 0.5,
    "rites": 0.1,
    "siftstack": 0.8,
    "sirens": 0.4,
    "stockade": 0.3112244897959184,
    "toolsmith": 0.8,
    "warren": 0.13333333333333333
  },
  "within_budget": true,
  "wall_seconds": 168.6
}
