{
  "aggregate": 0.4199685534591195,
  "per_family": {
    "chronicle": 0.7,
    "lockpick": 0.1,
    "menders": 0.0,
    "mirage": 0.6,
    "rites": 0.2,
    "siftstack": 0.9,
    "sirens": 0.6,
    "stockade": 0.2830188679245283,
    "toolsmith": 0.7,
    "warren": 0.11666666666666665
  },
  "within_budget": true,
  "wall_seconds": 167.5
}
