{
  "aggregate": 0.5258888888888889,
  "per_family": {
    "chronicle": 0.9,
    "lockpick": 0.3,
    "menders": 0.2,
    "mirage": 0.9,
    "rites": 0.2,
    "siftstack": 1.0,
    "sirens": 0.5,
    "stockade": 0.2422222222222222,
    "toolsmith": 0.8,
    "warren": 0.21666666666666665
  },
  "within_budget": false,
  "wall_seconds": 410.8
}
