{
  "aggregate": 0.23487179487179488,
  "per_family": {
    "chronicle": 0.3,
    "lockpick": 0.2,
    "menders": 0.0,
    "mirage": 0.1,
    "rites": 0.2,
    "siftstack": 0.2,
    "sirens": 0.2,
    "stockade": 0.14038461538461539,
    "toolsmith": 0.5083333333333333,
    "warren": 0.5
  },
  "within_budget": false,
  "wall_seconds": 427.6
}
