{
  "aggregate": 0.16077380952380954,
  "per_family": {
    "chronicle": 0.3,
    "lockpick": 0.1,
    "menders": 0.1,
    "mirage": 0.1,
    "rites": 0.0,
    "siftstack": 0.0,
    "sirens": 0.3,
    "stockade": 0.19107142857142856,
    "toolsmith": 0.4166666666666667,
    "warren": 0.1
  },
  "within_budget": true,
  "wall_seconds": 229.9
}
