{
  "aggregate": 0.10782456140350878,
  "per_family": {
    "chronicle": 0.2,
    "lockpick": 0.0,
    "menders": 0.0,
    "mirage": 0.0,
    "rites": 0.0,
    "siftstack": 0.1,
    "sirens": 0.2,
    "stockade": 0.13157894736842107,
    "toolsmith": 0.3466666666666667,
    "warren": 0.1
  },
  "within_budget": true,
  "wall_seconds": 231.3
}
