{
  "aggregate": 0.3823030303030303,
  "per_family": {
    "chronicle": 0.4,
    "lockpick": 0.6,
    "menders": 0.016666666666666666,
    "mirage": 0.2,
    "rites": 0.2,
    "siftstack": 0.8,
    "sirens": 0.4,
    "stockade": 0.25636363636363635,
    "toolsmith": 0.8,
    "warren": 0.15
  },
  "within_budget": true,
  "wall_seconds": 195.1
}
