{
  "aggregate": 0.1496547619047619,
  "per_family": {
    "chronicle": 0.1,
    "lockpick": 0.2,
    "menders": 0.0,
    "mirage": 0.0,
    "rites": 0.0,
    "siftstack": 0.2,
    "sirens": 0.3,
    "stockade": 0.02571428571428571,
    "toolsmith": 0.4041666666666667,
    "warren": 0.26666666666666666
  },
  "within_budget": true,
  "wall_seconds": 228.6
}
