{
  "aggregate": 0.422050505050505,
  "per_family": {
    "chronicle": 0.4,
    "lockpick": 0.3,
    "menders": 0.1,
    "mirage": 0.7,
    "rites": 0.2,
    "siftstack": 0.7,
    "sirens": 0.6,
    "stockade": 0.38717171717171717,
    "toolsmith": 0.6,
    "warren": 0.2333333333333333
  },
  "within_budget": true,
  "wall_seconds": 178.8
}
