{
  "aggregate": 0.4449459783913565,
  "per_family": {
    "chronicle": 0.6,
    "lockpick": 0.2,
    "menders": 0.2,
    "mirage": 0.7,
    "rites": 0.0,
    "siftstack": 0.9,
    "sirens": 0.7,
    "stockade": 0.18279311724689876,
    "toolsmith": 0.8,
    "warren": 0.16666666666666666
  },
  "within_budget": true,
  "wall_seconds": 182.5
}
