{
  "aggregate": 0.1399607843137255,
  "per_family": {
    "chronicle": 0.1,
    "lockpick": 0.0,
    "menders": 0.2,
    "mirage": 0.0,
    "rites": 0.1,
    "siftstack": 0.1,
    "sirens": 0.3,
    "stockade": 0.15294117647058822,
    "toolsmith": 0.3466666666666667,
    "warren": 0.1
  },
  "within_budget": true,
  "wall_seconds": 230.1
}
