{
  "aggregate": 0.45960317460317457,
  "per_family": {
    "chronicle": 0.7,
    "lockpick": 0.3,
    "menders": 0.016666666666666666,
    "mirage": 0.6,
    "rites": 0.2,
    "siftstack": 0.8,
    "sirens": 0.6,
    "stockade": 0.27936507936507937,
    "toolsmith": 0.8,
    "warren": 0.3
  },
  "within_budget": true,
  "wall_seconds": 189.1
}
