{
  "aggregate": 0.17561267436267436,
  "per_family": {
    "chronicle": 0.2,
    "lockpick": 0.1,
    "menders": 0.1,
    "mirage": 0.0,
    "rites": 0.1,
    "siftstack": 0.2,
    "sirens": 0.4,
    "stockade": 0.1152934102934103,
    "toolsmith": 0.37416666666666665,
    "warren": 0.16666666666666666
  },
  "within_budget": true,
  "wall_seconds": 241.8
}
