{
  "aggregate": 0.44000000000000006,
  "per_family": {
    "chronicle": 0.6,
    "lockpick": 0.3,
    "menders": 0.016666666666666666,
    "mirage": 0.6,
    "rites": 0.3,
    "siftstack": 0.9,
    "sirens": 0.6,
    "stockade": 0.2,
    "toolsmith": 0.7166666666666667,
    "warren": 0.16666666666666666
  },
  "within_budget": true,
  "wall_seconds": 157.9
}
