{
  "aggregate": 0.07908333333333334,
  "per_family": {
    "chronicle": 0.0,
    "lockpick": 0.0,
    "menders": 0.0,
    "mirage": 0.0,
    "rites": 0.0,
    "siftstack": 0.0,
    "sirens": 0.4,
    "stockade": 0.0,
    "toolsmith": 0.27416666666666667,
    "warren": 0.11666666666666665
  },
  "within_budget": true,
  "wall_seconds": 145.3
}
