{
  "aggregate": 0.18634408602150537,
  "per_family": {
    "chronicle": 0.3,
    "lockpick": 0.0,
    "menders": 0.1,
    "mirage": 0.1,
    "rites": 0.1,
    "siftstack": 0.0,
    "sirens": 0.5,
    "stockade": 0.0967741935483871,
    "toolsmith": 0.4666666666666667,
    "warren": 0.2
  },
  "within_budget": true,
  "wall_seconds": 229.8
}
