{
  "aggregate": 0.49478225539687337,
  "per_family": {
    "chronicle": 0.7,
    "lockpick": 0.4,
    "menders": 0.1,
    "mirage": 0.7,
    "rites": 0.3,
    "siftstack": 0.8,
    "sirens": 0.6,
    "stockade": 0.38115588730206673,
    "toolsmith": 0.8,
    "warren": 0.16666666666666666
  },
  "within_budget": true,
  "wall_seconds": 185.5
}
