{
  "aggregate": 0.3891765873015873,
  "per_family": {
    "chronicle": 0.5,
    "lockpick": 0.3,
    "menders": 0.0,
    "mirage": 0.6,
    "rites": 0.1,
    "siftstack": 0.8,
    "sirens": 0.6,
    "stockade": 0.3584325396825397,
    "toolsmith": 0.4333333333333333,
    "warren": 0.2
  },
  "within_budget": true,
  "wall_seconds": 161.0
}
