{
  "aggregate": 0.4306979166666666,
  "per_family": {
    "chronicle": 0.8,
    "lockpick": 0.3,
    "menders": 0.2,
    "mirage": 0.5,
    "rites": 0.2,
    "siftstack": 0.7,
    "sirens": 0.6,
    "stockade": 0.2203125,
    "toolsmith": 0.62,
    "warren": 0.16666666666666666
  },
  "within_budget": true,
  "wall_seconds": 185.6
}
