{
  "aggregate": 0.1628787878787879,
  "per_family": {
    "chronicle": 0.1,
    "lockpick": 0.0,
    "menders": 0.1,
    "mirage": 0.0,
    "rites": 0.1,
    "siftstack": 0.2,
    "sirens": 0.4,
    "stockade": 0.19545454545454546,
    "toolsmith": 0.4333333333333333,
    "warren": 0.1
  },
  "within_budget": true,
  "wall_seconds": 234.1
}
