{
  "aggregate": 0.1944102564102564,
  "per_family": {
    "chronicle": 0.3,
    "lockpick": 0.1,
    "menders": 0.2,
    "mirage": 0.1,
    "rites": 0.1,
    "siftstack": 0.0,
    "sirens": 0.2,
    "stockade": 0.08076923076923077,
    "toolsmith": 0.5633333333333332,
    "warren": 0.3
  },
  "within_budget": true,
  "wall_seconds": 227.7
}
