{
  "aggregate": 0.4670474740275168,
  "per_family": {
    "chronicle": 0.8,
    "lockpick": 0.2,
    "menders": 0.0,
    "mirage": 0.7,
    "rites": 0.2,
    "siftstack": 1.0,
    "sirens": 0.5,
    "stockade": 0.5038080736085012,
    "toolsmith": 0.7,
    "warren": 0.06666666666666667
  },
  "within_budget": true,
  "wall_seconds": 191.9
}
