{
  "aggregate": 0.3898758523290725,
  "per_family": {
    "chronicle": 0.7,
    "lockpick": 0.3,
    "menders": 0.016666666666666666,
    "mirage": 0.4,
    "rites": 0.2,
    "siftstack": 0.7,
    "sirens": 0.4,
    "stockade": 0.25709185662405876,
    "toolsmith": 0.725,
    "warren": 0.2
  },
  "within_budget": true,
  "wall_seconds": 203.1
}
