{
  "aggregate": 0.5109523809523809,
  "per_family": {
    "chronicle": 0.6,
    "lockpick": 0.6,
    "menders": 0.1,
    "mirage": 0.6,
    "rites": 0.3,
    "siftstack": 1.0,
    "sirens": 0.6,
    "stockade": 0.24285714285714288,
    "toolsmith": 0.8,
    "warren": 0.26666666666666666
  },
  "within_budget": true,
  "wall_seconds": 182.6
}
