{
  "aggregate": 0.4424434312732185,
  "per_family": {
    "chronicle": 0.7,
    "lockpick": 0.1,
    "menders": 0.0,
    "mirage": 0.7,
    "rites": 0.175,
    "siftstack": 0.8,
    "sirens": 0.4,
    "stockade": 0.3827676460655184,
    "toolsmith": 0.8,
    "warren": 0.36666666666666664
  },
  "within_budget": true,
  "wall_seconds": 215.0
}
