{
  "aggregate": 0.1308799533799534,
  "per_family": {
    "chronicle": 0.2,
    "lockpick": 0.2,
    "menders": 0.1,
    "mirage": 0.0,
    "rites": 0.0,
    "siftstack": 0.1,
    "sirens": 0.4,
    "stockade": 0.14213286713286713,
    "toolsmith": 0.11666666666666667,
    "warren": 0.05
  },
  "within_budget": true,
  "wall_seconds": 239.1
}
