{
  "aggregate": 0.47284881084216634,
  "per_family": {
    "chronicle": 0.4,
    "lockpick": 0.3,
    "menders": 0.11666666666666667,
    "mirage": 0.8,
    "rites": 0.3,
    "siftstack": 1.0,
    "sirens": 0.6,
    "stockade": 0.4818214417549965,
    "toolsmith": 0.63,
    "warren": 0.1
  },
  "within_budget": true,
  "wall_seconds": 189.6
}
