{
  "aggregate": 0.15675757575757576,
  "per_family": {
    "chronicle": 0.2,
    "lockpick": 0.0,
    "menders": 0.0,
    "mirage": 0.0,
    "rites": 0.0,
    "siftstack": 0.2,
    "sirens": 0.4,
    "stockade": 0.19090909090909092,
    "toolsmith": 0.37666666666666665,
    "warren": 0.2
  },
  "within_budget": true,
  "wall_seconds": 231.2
}
