{
  "aggregate": 0.3179601677148847,
  "per_family": {
    "chronicle": 0.5,
    "lockpick": 0.1,
    "menders": 0.0,
    "mirage": 0.2,
    "rites": 0.0,
    "siftstack": 0.6,
    "sirens": 0.6,
    "stockade": 0.3029350104821803,
    "toolsmith": 0.71,
    "warren": 0.16666666666666666
  },
  "within_budget": true,
  "wall_seconds": 120.9
}
