{
  "aggregate": 0.13258333333333333,
  "per_family": {
    "chronicle": 0.2,
    "lockpick": 0.2,
    "menders": 0.1,
    "mirage": 0.1,
    "rites": 0.0,
    "siftstack": 0.0,
    "sirens": 0.3,
    "stockade": 0.12916666666666668,
    "toolsmith": 0.03,
    "warren": 0.26666666666666666
  },
  "within_budget": true,
  "wall_seconds": 230.0
}
