{
  "aggregate": 0.16247930283224402,
  "per_family": {
    "chronicle": 0.3,
    "lockpick": 0.0,
    "menders": 0.0,
    "mirage": 0.0,
    "rites": 0.0,
    "siftstack": 0.1,
    "sirens": 0.3,
    "stockade": 0.2047930283224401,
    "toolsmith": 0.42000000000000004,
    "warren": 0.3
  },
  "within_budget": true,
  "wall_seconds": 229.1
}
