{
  "aggregate": 0.3938095238095238,
  "per_family": {
    "chronicle": 0.6,
    "lockpick": 0.1,
    "menders": 0.016666666666666666,
    "mirage": 0.6,
    "rites": 0.175,
    "siftstack": 0.7,
    "sirens": 0.6,
    "stockade": 0.24642857142857144,
    "toolsmith": 0.8,
    "warren": 0.1
  },
  "within_budget": true,
  "wall_seconds": 171.4
}
