{
  "aggregate": 0.19083333333333335,
  "per_family": {
    "chronicle": 0.3,
    "lockpick": 0.1,
    "menders": 0.0,
    "mirage": 0.0,
    "rites": 0.1,
    "siftstack": 0.1,
    "sirens": 0.4,
    "stockade": 0.26666666666666666,
    "toolsmith": 0.375,
    "warren": 0.26666666666666666
  },
  "within_budget": true,
  "wall_seconds": 229.4
}
