{
  "aggregate": 0.16133333333333333,
  "per_family": {
    "chronicle": 0.2,
    "lockpick": 0.0,
    "menders": 0.2,
    "mirage": 0.0,
    "rites": 0.0,
    "siftstack": 0.2,
    "sirens": 0.4,
    "stockade": 0.0,
    "toolsmith": 0.44666666666666666,
    "warren": 0.16666666666666666
  },
  "within_budget": true,
  "wall_seconds": 230.1
}
