{
  "aggregate": 0.4652982456140351,
  "per_family": {
    "chronicle": 0.7,
    "lockpick": 0.5,
    "menders": 0.0,
    "mirage": 0.6,
    "rites": 0.2,
    "siftstack": 0.8,
    "sirens": 0.5,
    "stockade": 0.3196491228070175,
    "toolsmith": 0.7333333333333333,
    "warren": 0.3
  },
  "within_budget": true,
  "wall_seconds": 186.5
}
