{
  "aggregate": 0.10225925925925924,
  "per_family": {
    "chronicle": 0.1,
    "lockpick": 0.0,
    "menders": 0.0,
    "mirage": 0.0,
    "rites": 0.1,
    "siftstack": 0.1,
    "sirens": 0.3,
    "stockade": 0.04259259259259259,
    "toolsmith": 0.32999999999999996,
    "warren": 0.05
  },
  "within_budget": true,
  "wall_seconds": 235.9
}
