{
  "aggregate": 0.05692460317460317,
  "per_family": {
    "chronicle": 0.0,
    "lockpick": 0.0,
    "menders": 0.016666666666666666,
    "mirage": 0.0,
    "rites": 0.0,
    "siftstack": 0.0,
    "sirens": 0.2,
    "stockade": 0.031746031746031744,
    "toolsmith": 0.25416666666666665,
    "warren": 0.06666666666666667
  },
  "within_budget": true,
  "wall_seconds": 136.4
}
