{
  "aggregate": 0.07015350877192983,
  "per_family": {
    "chronicle": 0.1,
    "lockpick": 0.0,
    "menders": 0.0,
    "mirage": 0.0,
    "rites": 0.0,
    "siftstack": 0.0,
    "sirens": 0.3,
    "stockade": 0.047368421052631574,
    "toolsmith": 0.15416666666666667,
    "warren": 0.1
  },
  "within_budget": true,
  "wall_seconds": 230.6
}
