{
  "aggregate": 0.16833333333333333,
  "per_family": {
    "chronicle": 0.3,
    "lockpick": 0.2,
    "menders": 0.0,
    "mirage": 0.0,
    "rites": 0.0,
    "siftstack": 0.1,
    "sirens": 0.5,
    "stockade": 0.1,
    "toolsmith": 0.11666666666666667,
    "warren": 0.36666666666666664
  },
  "within_budget": true,
  "wall_seconds": 227.6
}
