{
  "aggregate": 0.12494444444444444,
  "per_family": {
    "chronicle": 0.1,
    "lockpick": 0.1,
    "menders": 0.1,
    "mirage": 0.1,
    "rites": 0.0,
    "siftstack": 0.0,
    "sirens": 0.3,
    "stockade": 0.13777777777777778,
    "toolsmith": 0.145,
    "warren": 0.26666666666666666
  },
  "within_budget": true,
  "wall_seconds": 228.6
}
