{
  "aggregate": 0.4640415913200723,
  "per_family": {
    "chronicle": 0.5,
    "lockpick": 0.2,
    "menders": 0.11666666666666667,
    "mirage": 0.8,
    "rites": 0.275,
    "siftstack": 0.9,
    "sirens": 0.6,
    "stockade": 0.24874924653405667,
    "toolsmith": 0.7,
    "warren": 0.3
  },
  "within_budget": true,
  "wall_seconds": 261.6
}
