{
  "aggregate": 0.13475757575757577,
  "per_family": {
    "chronicle": 0.3,
    "lockpick": 0.1,
    "menders": 0.0,
    "mirage": 0.0,
    "rites": 0.0,
    "siftstack": 0.2,
    "sirens": 0.3,
    "stockade": 0.13090909090909092,
    "toolsmith": 0.21666666666666665,
    "warren": 0.1
  },
  "within_budget": true,
  "wall_seconds": 232.5
}
