{
  "aggregate": 0.5178556998556998,
  "per_family": {
    "chronicle": 0.8,
    "lockpick": 0.2,
    "menders": 0.0,
    "mirage": 0.9,
    "rites": 0.2,
    "siftstack": 0.9,
    "sirens": 0.7,
    "stockade": 0.3118903318903319,
    "toolsmith": 0.8,
    "warren": 0.36666666666666664
  },
  "within_budget": true,
  "wall_seconds": 169.3
}
