{
  "aggregate": 0.1569551282051282,
  "per_family": {
    "chronicle": 0.1,
    "lockpick": 0.1,
    "menders": 0.0,
    "mirage": 0.1,
    "rites": 0.1,
    "siftstack": 0.0,
    "sirens": 0.4,
    "stockade": 0.13621794871794873,
    "toolsmith": 0.33333333333333337,
    "warren": 0.3
  },
  "within_budget": true,
  "wall_seconds": 230.6
}
