{
  "aggregate": 0.1936388888888889,
  "per_family": {
    "chronicle": 0.3,
    "lockpick": 0.1,
    "menders": 0.0,
    "mirage": 0.0,
    "rites": 0.1,
    "siftstack": 0.2,
    "sirens": 0.5,
    "stockade": 0.29555555555555557,
    "toolsmith": 0.27416666666666667,
    "warren": 0.16666666666666666
  },
  "within_budget": true,
  "wall_seconds": 227.7
}
