{
  "aggregate": 0.41033392963625526,
  "per_family": {
    "chronicle": 0.7,
    "lockpick": 0.4,
    "menders": 0.0,
    "mirage": 0.7,
    "rites": 0.0,
    "siftstack": 0.5,
    "sirens": 0.5,
    "stockade": 0.3366726296958855,
    "toolsmith": 0.8,
    "warren": 0.16666666666666666
  },
  "within_budget": true,
  "wall_seconds": 177.7
}
