{
  "aggregate": 0.14648533211734308,
  "per_family": {
    "chronicle": 0.1,
    "lockpick": 0.1,
    "menders": 0.0,
    "mirage": 0.0,
    "rites": 0.0,
    "siftstack": 0.0,
    "sirens": 0.4,
    "stockade": 0.26818665450676393,
    "toolsmith": 0.3466666666666667,
    "warren": 0.25
  },
  "within_budget": true,
  "wall_seconds": 228.7
}
