{
  "aggregate": 0.2833872549019608,
  "per_family": {
    "chronicle": 0.3,
    "lockpick": 0.0,
    "menders": 0.21666666666666665,
    "mirage": 0.3,
    "rites": 0.2,
    "siftstack": 0.4,
    "sirens": 0.4,
    "stockade": 0.20470588235294115,
    "toolsmith": 0.2125,
    "warren": 0.6
  },
  "within_budget": false,
  "wall_seconds": 836.3
}
