{
  "aggregate": 0.4572222222222222,
  "per_family": {
    "chronicle": 0.7,
    "lockpick": 0.3,
    "menders": 0.016666666666666666,
    "mirage": 0.7,
    "rites": 0.1,
    "siftstack": 0.8,
    "sirens": 0.6,
    "stockade": 0.25555555555555554,
    "toolsmith": 0.8,
    "warren": 0.3
  },
  "within_budget": true,
  "wall_seconds": 183.7
}
