{
  "aggregate": 0.46043121602777537,
  "per_family": {
    "chronicle": 0.6,
    "lockpick": 0.4,
    "menders": 0.0,
    "mirage": 0.7,
    "rites": 0.1,
    "siftstack": 0.9,
    "sirens": 0.6,
    "stockade": 0.3709788269444207,
    "toolsmith": 0.6333333333333333,
    "warren": 0.3
  },
  "within_budget": true,
  "wall_seconds": 169.8
}
