{
  "aggregate": 0.3617262242389866,
  "per_family": {
    "chronicle": 0.2,
    "lockpick": 0.1,
    "menders": 0.0,
    "mirage": 0.5,
    "rites": 0.3,
    "siftstack": 0.3,
    "sirens": 0.4,
    "stockade": 0.3505955757231991,
    "toolsmith": 0.6,
    "warren": 0.8666666666666666
  },
  "within_budget": false,
  "wall_seconds": 838.6
}
