{
  "aggregate": 0.14879948914431673,
  "per_family": {
    "chronicle": 0.2,
    "lockpick": 0.0,
    "menders": 0.0,
    "mirage": 0.0,
    "rites": 0.0,
    "siftstack": 0.0,
    "sirens": 0.5,
    "stockade": 0.10466155810983398,
    "toolsmith": 0.4166666666666667,
    "warren": 0.26666666666666666
  },
  "within_budget": true,
  "wall_seconds": 230.0
}
