{
  "aggregate": 0.09940532192919933,
  "per_family": {
    "chronicle": 0.2,
    "lockpick": 0.0,
    "menders": 0.0,
    "mirage": 0.1,
    "rites": 0.0,
    "siftstack": 0.0,
    "sirens": 0.3,
    "stockade": 0.13071988595866002,
    "toolsmith": 0.2633333333333333,
    "warren": 0.0
  },
  "within_budget": true,
  "wall_seconds": 234.9
}
