{
  "aggregate": 0.19042248062015504,
  "per_family": {
    "chronicle": 0.2,
    "lockpick": 0.1,
    "menders": 0.1,
    "mirage": 0.0,
    "rites": 0.3,
    "siftstack": 0.0,
    "sirens": 0.4,
    "stockade": 0.20755813953488372,
    "toolsmith": 0.22999999999999998,
    "warren": 0.36666666666666664
  },
  "within_budget": true,
  "wall_seconds": 224.8
}
