{
  "aggregate": 0.1761060606060606,
  "per_family": {
    "chronicle": 0.3,
    "lockpick": 0.1,
    "menders": 0.0,
    "mirage": 0.0,
    "rites": 0.1,
    "siftstack": 0.1,
    "sirens": 0.5,
    "stockade": 0.11439393939393941,
    "toolsmith": 0.44666666666666666,
    "warren": 0.1
  },
  "within_budget": true,
  "wall_seconds": 229.1
}
