{
  "aggregate": 0.35613995005316124,
  "per_family": {
    "chronicle": 0.5,
    "lockpick": 0.2,
    "menders": 0.0,
    "mirage": 0.4,
    "rites": 0.2,
    "siftstack": 0.5,
    "sirens": 0.7,
    "stockade": 0.29306616719827905,
    "toolsmith": 0.635,
    "warren": 0.13333333333333333
  },
  "within_budget": true,
  "wall_seconds": 214.7
}
