{
  "aggregate": 0.44125928889379396,
  "per_family": {
    "chronicle": 0.5,
    "lockpick": 0.4,
    "menders": 0.1,
    "mirage": 0.7,
    "rites": 0.1,
    "siftstack": 0.8,
    "sirens": 0.6,
    "stockade": 0.2084262222712725,
    "toolsmith": 0.7375,
    "warren": 0.26666666666666666
  },
  "within_budget": true,
  "wall_seconds": 186.6
}
