{
  "aggregate": 0.39450055493895675,
  "per_family": {
    "chronicle": 0.7,
    "lockpick": 0.3,
    "menders": 0.016666666666666666,
    "mirage": 0.4,
    "rites": 0.1,
    "siftstack": 0.7,
    "sirens": 0.6,
    "stockade": 0.32833888272290046,
    "toolsmith": 0.8,
    "warren": 0.0
  },
  "within_budget": true,
  "wall_seconds": 170.7
}
