{
  "aggregate": 0.4278014629049112,
  "per_family": {
    "chronicle": 0.7,
    "lockpick": 0.3,
    "menders": 0.0,
    "mirage": 0.5,
    "rites": 0.2,
    "siftstack": 0.8,
    "sirens": 0.5,
    "stockade": 0.21134796238244516,
    "toolsmith": 0.8,
    "warren": 0.26666666666666666
  },
  "within_budget": true,
  "wall_seconds": 164.2
}
