{
  "aggregate": 0.38573563218390805,
  "per_family": {
    "chronicle": 0.5,
    "lockpick": 0.4,
    "menders": 0.0,
    "mirage": 0.5,
    "rites": 0.1,
    "siftstack": 0.7,
    "sirens": 0.4,
    "stockade": 0.2706896551724138,
    "toolsmith": 0.72,
    "warren": 0.26666666666666666
  },
  "within_budget": true,
  "wall_seconds": 195.7
}
