{
  "aggregate": 0.298421052631579,
  "per_family": {
    "chronicle": 0.3,
    "lockpick": 0.1,
    "menders": 0.0,
    "mirage": 0.2,
    "rites": 0.2,
    "siftstack": 0.7,
    "sirens": 0.3,
    "stockade": 0.050877192982456146,
    "toolsmith": 0.33333333333333337,
    "warren": 0.8
  },
  "within_budget": false,
  "wall_seconds": 852.6
}
