{
  "aggregate": 0.48910256410256414,
  "per_family": {
    "chronicle": 0.8,
    "lockpick": 0.3,
    "menders": 0.03333333333333333,
    "mirage": 0.7,
    "rites": 0.3,
    "siftstack": 1.0,
    "sirens": 0.6,
    "stockade": 0.1576923076923077,
    "toolsmith": 0.8,
    "warren": 0.2
  },
  "within_budget": true,
  "wall_seconds": 250.0
}
