{
  "aggregate": 0.4671818181818182,
  "per_family": {
    "chronicle": 0.6,
    "lockpick": 0.3,
    "menders": 0.03333333333333333,
    "mirage": 0.5,
    "rites": 0.3,
    "siftstack": 1.0,
    "sirens": 0.6,
    "stockade": 0.32181818181818184,
    "toolsmith": 0.8,
    "warren": 0.21666666666666665
  },
  "within_budget": true,
  "wall_seconds": 169.1
}
