{
  "aggregate": 0.15150000000000002,
  "per_family": {
    "chronicle": 0.4,
    "lockpick": 0.1,
    "menders": 0.0,
    "mirage": 0.0,
    "rites": 0.0,
    "siftstack": 0.0,
    "sirens": 0.3,
    "stockade": 0.12833333333333333,
    "toolsmith": 0.32,
    "warren": 0.26666666666666666
  },
  "within_budget": true,
  "wall_seconds": 230.3
}
