{
  "aggregate": 0.11680555555555557,
  "per_family": {
    "chronicle": 0.0,
    "lockpick": 0.1,
    "menders": 0.0,
    "mirage": 0.0,
    "rites": 0.175,
    "siftstack": 0.1,
    "sirens": 0.3,
    "stockade": 0.08888888888888888,
    "toolsmith": 0.1375,
    "warren": 0.26666666666666666
  },
  "within_budget": true,
  "wall_seconds": 229.8
}
