{
  "aggregate": 0.11203980099502489,
  "per_family": {
    "chronicle": 0.1,
    "lockpick": 0.0,
    "menders": 0.0,
    "mirage": 0.1,
    "rites": 0.0,
    "siftstack": 0.0,
    "sirens": 0.2,
    "stockade": 0.05373134328358209,
    "toolsmith": 0.21666666666666665,
    "warren": 0.45
  },
  "within_budget": true,
  "wall_seconds": 228.2
}
