{
  "aggregate": 0.4013763955342903,
  "per_family": {
    "chronicle": 0.6,
    "lockpick": 0.2,
    "menders": 0.0,
    "mirage": 0.6,
    "rites": 0.0,
    "siftstack": 0.8,
    "sirens": 0.6,
    "stockade": 0.33043062200956935,
    "toolsmith": 0.6166666666666667,
    "warren": 0.26666666666666666
  },
  "within_budget": true,
  "wall_seconds": 166.0
}
