{
  "aggregate": 0.1490144927536232,
  "per_family": {
    "chronicle": 0.3,
    "lockpick": 0.0,
    "menders": 0.1,
    "mirage": 0.0,
    "rites": 0.1,
    "siftstack": 0.1,
    "sirens": 0.5,
    "stockade": 0.043478260869565216,
    "toolsmith": 0.3466666666666667,
    "warren": 0.0
  },
  "within_budget": true,
  "wall_seconds": 229.5
}
