{
  "aggregate": 0.43185490196078435,
  "per_family": {
    "chronicle": 0.6,
    "lockpick": 0.2,
    "menders": 0.016666666666666666,
    "mirage": 0.4,
    "rites": 0.4,
    "siftstack": 0.8,
    "sirens": 0.6,
    "stockade": 0.23521568627450978,
    "toolsmith": 0.8,
    "warren": 0.26666666666666666
  },
  "within_budget": true,
  "wall_seconds": 174.3
}
