{
  "aggregate": 0.1258974358974359,
  "per_family": {
    "chronicle": 0.1,
    "lockpick": 0.0,
    "menders": 0.11666666666666667,
    "mirage": 0.0,
    "rites": 0.0,
    "siftstack": 0.1,
    "sirens": 0.4,
    "stockade": 0.09230769230769231,
    "toolsmith": 0.3,
    "warren": 0.15
  },
  "within_budget": true,
  "wall_seconds": 228.6
}
