{
  "aggregate": 0.1835622537431048,
  "per_family": {
    "chronicle": 0.3,
    "lockpick": 0.1,
    "menders": 0.1,
    "mirage": 0.0,
    "rites": 0.0,
    "siftstack": 0.0,
    "sirens": 0.4,
    "stockade": 0.0739558707643814,
    "toolsmith": 0.395,
    "warren": 0.4666666666666667
  },
  "within_budget": true,
  "wall_seconds": 226.9
}
