{
  "aggregate": 0.184748427672956,
  "per_family": {
    "chronicle": 0.1,
    "lockpick": 0.1,
    "menders": 0.11666666666666667,
    "mirage": 0.0,
    "rites": 0.1,
    "siftstack": 0.1,
    "sirens": 0.5,
    "stockade": 0.06415094339622641,
    "toolsmith": 0.5166666666666667,
    "warren": 0.25
  },
  "within_budget": true,
  "wall_seconds": 228.7
}
