{
  "aggregate": 0.12571428571428572,
  "per_family": {
    "chronicle": 0.1,
    "lockpick": 0.1,
    "menders": 0.1,
    "mirage": 0.0,
    "rites": 0.1,
    "siftstack": 0.0,
    "sirens": 0.3,
    "stockade": 0.15714285714285714,
    "toolsmith": 0.23333333333333334,
    "warren": 0.16666666666666666
  },
  "within_budget": true,
  "wall_seconds": 228.4
}
