{
  "aggregate": 0.1590223880597015,
  "per_family": {
    "chronicle": 0.4,
    "lockpick": 0.1,
    "menders": 0.0,
    "mirage": 0.0,
    "rites": 0.0,
    "siftstack": 0.0,
    "sirens": 0.4,
    "stockade": 0.05522388059701493,
    "toolsmith": 0.43499999999999994,
    "warren": 0.2
  },
  "within_budget": true,
  "wall_seconds": 226.9
}
