{
  "aggregate": 0.4539116535890729,
  "per_family": {
    "chronicle": 0.8,
    "lockpick": 0.1,
    "menders": 0.0,
    "mirage": 0.5,
    "rites": 0.5,
    "siftstack": 0.7,
    "sirens": 0.6,
    "stockade": 0.2724498692240628,
    "toolsmith": 0.8,
    "warren": 0.26666666666666666
  },
  "within_budget": true,
  "wall_seconds": 186.0
}
