{
  "aggregate": 0.13999999999999999,
  "per_family": {
    "chronicle": 0.3,
    "lockpick": 0.0,
    "menders": 0.1,
    "mirage": 0.0,
    "rites": 0.1,
    "siftstack": 0.0,
    "sirens": 0.3,
    "stockade": 0.1,
    "toolsmith": 0.33333333333333337,
    "warren": 0.16666666666666666
  },
  "within_budget": true,
  "wall_seconds": 227.5
}
