{
  "aggregate": 0.6019104554865424,
  "per_family": {
    "chronicle": 0.9,
    "lockpick": 0.6,
    "menders": 0.4,
    "mirage": 0.7,
    "rites": 0.2,
    "siftstack": 0.9,
    "sirens": 0.6,
    "stockade": 0.3649378881987578,
    "toolsmith": 0.7375,
    "warren": 0.6166666666666667
  },
  "within_budget": false,
  "wall_seconds": 349.6
}
