{
  "aggregate": 0.47833333333333333,
  "per_family": {
    "chronicle": 0.7,
    "lockpick": 0.3,
    "menders": 0.016666666666666666,
    "mirage": 0.6,
    "rites": 0.1,
    "siftstack": 1.0,
    "sirens": 0.6,
    "stockade": 0.2,
    "toolsmith": 0.8,
    "warren": 0.4666666666666667
  },
  "within_budget": true,
  "wall_seconds": 170.9
}
