{
  "aggregate": 0.1246468253968254,
  "per_family": {
    "chronicle": 0.0,
    "lockpick": 0.0,
    "menders": 0.0,
    "mirage": 0.0,
    "rites": 0.0,
    "siftstack": 0.2,
    "sirens": 0.3,
    "stockade": 0.26646825396825397,
    "toolsmith": 0.27999999999999997,
    "warren": 0.2
  },
  "within_budget": true,
  "wall_seconds": 233.8
}
