{
  "aggregate": 0.5997213592254086,
  "per_family": {
    "chronicle": 0.9,
    "lockpick": 0.4,
    "menders": 0.0,
    "mirage": 0.8,
    "rites": 0.3,
    "siftstack": 0.9,
    "sirens": 0.6,
    "stockade": 0.4305469255874195,
    "toolsmith": 0.8,
    "warren": 0.8666666666666666
  },
  "within_budget": false,
  "wall_seconds": 399.7
}
