{
  "aggregate": 0.4864036247334755,
  "per_family": {
    "chronicle": 0.6,
    "lockpick": 0.2,
    "menders": 0.2,
    "mirage": 0.9,
    "rites": 0.2,
    "siftstack": 0.9,
    "sirens": 0.6,
    "stockade": 0.39736958066808814,
    "toolsmith": 0.8,
    "warren": 0.06666666666666667
  },
  "within_budget": true,
  "wall_seconds": 171.9
}
