{
  "aggregate": 0.3835703026481715,
  "per_family": {
    "chronicle": 0.7,
    "lockpick": 0.1,
    "menders": 0.0,
    "mirage": 0.3,
    "rites": 0.5,
    "siftstack": 0.3,
    "sirens": 0.4,
    "stockade": 0.25236969314838165,
    "toolsmith": 0.5333333333333333,
    "warren": 0.75
  },
  "within_budget": false,
  "wall_seconds": 823.2
}
