{
  "aggregate": 0.5120535714285714,
  "per_family": {
    "chronicle": 0.625,
    "lockpick": 0.25,
    "menders": 0.0,
    "mirage": 0.75,
    "rites": 0.375,
    "siftstack": 0.875,
    "sirens": 0.625,
    "stockade": 0.3705357142857143,
    "toolsmith": 0.875,
    "warren": 0.375
  },
  "within_budget": true,
  "wall_seconds": 87.7
}
