{
  "aggregate": 0.19595588235294117,
  "per_family": {
    "chronicle": 0.25,
    "lockpick": 0.0,
    "menders": 0.0,
    "mirage": 0.0,
    "rites": 0.125,
    "siftstack": 0.0,
    "sirens": 0.5,
    "stockade": 0.08455882352941177,
    "toolsmith": 0.875,
    "warren": 0.125
  },
  "within_budget": true,
  "wall_seconds": 84.2
}
