{
  "aggregate": 0.43735119047619053,
  "per_family": {
    "chronicle": 0.875,
    "lockpick": 0.125,
    "menders": 0.020833333333333332,
    "mirage": 0.75,
    "rites": 0.0,
    "siftstack": 0.75,
    "sirens": 0.5,
    "stockade": 0.3526785714285714,
    "toolsmith": 1.0,
    "warren": 0.0
  },
  "within_budget": true,
  "wall_seconds": 175.2
}
