{
  "aggregate": 0.4595238095238095,
  "per_family": {
    "chronicle": 0.375,
    "lockpick": 0.25,
    "menders": 0.125,
    "mirage": 0.75,
    "rites": 0.375,
    "siftstack": 0.125,
    "sirens": 0.5,
    "stockade": 0.5535714285714286,
    "toolsmith": 0.6666666666666666,
    "warren": 0.875
  },
  "within_budget": false,
  "wall_seconds": 436.2
}
