{
  "aggregate": 0.14268292682926828,
  "per_family": {
    "chronicle": 0.0,
    "lockpick": 0.0,
    "menders": 0.0,
    "mirage": 0.0,
    "rites": 0.125,
    "siftstack": 0.0,
    "sirens": 0.625,
    "stockade": 0.051829268292682924,
    "toolsmith": 0.625,
    "warren": 0.0
  },
  "within_budget": true,
  "wall_seconds": 83.6
}
