{
  "aggregate": 0.37512422360248443,
  "per_family": {
    "chronicle": 0.625,
    "lockpick": 0.0,
    "menders": 0.0,
    "mirage": 0.625,
    "rites": 0.125,
    "siftstack": 0.75,
    "sirens": 0.5,
    "stockade": 0.25124223602484475,
    "toolsmith": 0.875,
    "warren": 0.0
  },
  "within_budget": true,
  "wall_seconds": 81.4
}
