{
  "aggregate": 0.42106517763845347,
  "per_family": {
    "chronicle": 0.625,
    "lockpick": 0.0,
    "menders": 0.125,
    "mirage": 0.625,
    "rites": 0.375,
    "siftstack": 0.625,
    "sirens": 0.5,
    "stockade": 0.31481844305120166,
    "toolsmith": 0.8958333333333334,
    "warren": 0.125
  },
  "within_budget": true,
  "wall_seconds": 91.6
}
