{
  "aggregate": 0.13086703431372548,
  "per_family": {
    "chronicle": 0.0,
    "lockpick": 0.0,
    "menders": 0.0,
    "mirage": 0.0,
    "rites": 0.0,
    "siftstack": 0.0,
    "sirens": 0.25,
    "stockade": 0.14200367647058823,
    "toolsmith": 0.9166666666666666,
    "warren": 0.0
  },
  "within_budget": true,
  "wall_seconds": 86.1
}
