{
  "aggregate": 0.16458333333333336,
  "per_family": {
    "chronicle": 0.25,
    "lockpick": 0.0,
    "menders": 0.125,
    "mirage": 0.0,
    "rites": 0.0,
    "siftstack": 0.125,
    "sirens": 0.625,
    "stockade": 0.0,
    "toolsmith": 0.5208333333333334,
    "warren": 0.0
  },
  "within_budget": true,
  "wall_seconds": 159.5
}
