{
  "aggregate": 0.11041666666666665,
  "per_family": {
    "chronicle": 0.0,
    "lockpick": 0.0,
    "menders": 0.0,
    "mirage": 0.0,
    "rites": 0.0,
    "siftstack": 0.0,
    "sirens": 0.625,
    "stockade": 0.20833333333333331,
    "toolsmith": 0.2708333333333333,
    "warren": 0.0
  },
  "within_budget": true,
  "wall_seconds": 84.8
}
