{
  "aggregate": 0.47319508448540704,
  "per_family": {
    "chronicle": 0.75,
    "lockpick": 0.25,
    "menders": 0.0,
    "mirage": 0.75,
    "rites": 0.125,
    "siftstack": 0.75,
    "sirens": 0.5,
    "stockade": 0.6069508448540707,
    "toolsmith": 0.875,
    "warren": 0.125
  },
  "within_budget": true,
  "wall_seconds": 80.1
}
