{
  "aggregate": 0.19270833333333334,
  "per_family": {
    "chronicle": 0.25,
    "lockpick": 0.0,
    "menders": 0.0,
    "mirage": 0.0,
    "rites": 0.125,
    "siftstack": 0.0,
    "sirens": 0.625,
    "stockade": 0.125,
    "toolsmith": 0.5520833333333334,
    "warren": 0.25
  },
  "within_budget": true,
  "wall_seconds": 92.2
}
