{
  "aggregate": 0.43580088389871,
  "per_family": {
    "chronicle": 0.75,
    "lockpick": 0.25,
    "menders": 0.020833333333333332,
    "mirage": 0.375,
    "rites": 0.375,
    "siftstack": 0.75,
    "sirens": 0.5,
    "stockade": 0.4621755056537665,
    "toolsmith": 0.875,
    "warren": 0.0
  },
  "within_budget": true,
  "wall_seconds": 82.6
}
