{
  "aggregate": 0.4495967741935484,
  "per_family": {
    "chronicle": 0.625,
    "lockpick": 0.25,
    "menders": 0.0,
    "mirage": 0.375,
    "rites": 0.5,
    "siftstack": 0.625,
    "sirens": 0.625,
    "stockade": 0.3709677419354839,
    "toolsmith": 1.0,
    "warren": 0.125
  },
  "within_budget": true,
  "wall_seconds": 174.2
}
