{
  "aggregate": 0.48884320175438595,
  "per_family": {
    "chronicle": 0.625,
    "lockpick": 0.375,
    "menders": 0.0,
    "mirage": 0.75,
    "rites": 0.125,
    "siftstack": 0.875,
    "sirens": 0.5,
    "stockade": 0.5134320175438596,
    "toolsmith": 1.0,
    "warren": 0.125
  },
  "within_budget": true,
  "wall_seconds": 80.6
}
