{
  "aggregate": 0.5067592592592594,
  "per_family": {
    "chronicle": 0.875,
    "lockpick": 0.375,
    "menders": 0.0,
    "mirage": 0.625,
    "rites": 0.125,
    "siftstack": 1.0,
    "sirens": 0.5,
    "stockade": 0.5675925925925926,
    "toolsmith": 1.0,
    "warren": 0.0
  },
  "within_budget": true,
  "wall_seconds": 193.3
}
