{
  "aggregate": 0.12663690476190476,
  "per_family": {
    "chronicle": 0.0,
    "lockpick": 0.0,
    "menders": 0.0,
    "mirage": 0.0,
    "rites": 0.0,
    "siftstack": 0.0,
    "sirens": 0.5,
    "stockade": 0.12053571428571429,
    "toolsmith": 0.6458333333333334,
    "warren": 0.0
  },
  "within_budget": true,
  "wall_seconds": 84.5
}
