{
  "aggregate": 0.12864583333333332,
  "per_family": {
    "chronicle": 0.25,
    "lockpick": 0.0,
    "menders": 0.020833333333333332,
    "mirage": 0.0,
    "rites": 0.0,
    "siftstack": 0.0,
    "sirens": 0.375,
    "stockade": 0.015625,
    "toolsmith": 0.625,
    "warren": 0.0
  },
  "within_budget": true,
  "wall_seconds": 83.6
}
