{
  "aggregate": 0.47724358974358977,
  "per_family": {
    "chronicle": 0.875,
    "lockpick": 0.25,
    "menders": 0.25,
    "mirage": 0.625,
    "rites": 0.25,
    "siftstack": 0.5,
    "sirens": 0.375,
    "stockade": 0.3557692307692308,
    "toolsmith": 0.5416666666666666,
    "warren": 0.75
  },
  "within_budget": false,
  "wall_seconds": 405.9
}
