{
  "aggregate": 0.4343703148425787,
  "per_family": {
    "chronicle": 0.875,
    "lockpick": 0.25,
    "menders": 0.0,
    "mirage": 0.625,
    "rites": 0.125,
    "siftstack": 0.75,
    "sirens": 0.5,
    "stockade": 0.21870314842578711,
    "toolsmith": 1.0,
    "warren": 0.0
  },
  "within_budget": true,
  "wall_seconds": 84.6
}
