{
  "aggregate": 0.41452205882352944,
  "per_family": {
    "chronicle": 0.75,
    "lockpick": 0.25,
    "menders": 0.0,
    "mirage": 0.5,
    "rites": 0.25,
    "siftstack": 0.5,
    "sirens": 0.5,
    "stockade": 0.4889705882352941,
    "toolsmith": 0.90625,
    "warren": 0.0
  },
  "within_budget": true,
  "wall_seconds": 177.5
}
