{
  "aggregate": 0.12384259259259259,
  "per_family": {
    "chronicle": 0.125,
    "lockpick": 0.0,
    "menders": 0.0,
    "mirage": 0.125,
    "rites": 0.125,
    "siftstack": 0.0,
    "sirens": 0.5,
    "stockade": 0.09259259259259259,
    "toolsmith": 0.2708333333333333,
    "warren": 0.0
  },
  "within_budget": true,
  "wall_seconds": 86.2
}
