{
  "aggregate": 0.43564361285266456,
  "per_family": {
    "chronicle": 0.625,
    "lockpick": 0.125,
    "menders": 0.125,
    "mirage": 0.5,
    "rites": 0.0,
    "siftstack": 1.0,
    "sirens": 0.5,
    "stockade": 0.48143612852664575,
    "toolsmith": 1.0,
    "warren": 0.0
  },
  "within_budget": false,
  "wall_seconds": 267.7
}
