{
  "aggregate": 0.5224358974358975,
  "per_family": {
    "chronicle": 0.875,
    "lockpick": 0.5,
    "menders": 0.0,
    "mirage": 0.875,
    "rites": 0.25,
    "siftstack": 0.625,
    "sirens": 0.5,
    "stockade": 0.47435897435897434,
    "toolsmith": 1.0,
    "warren": 0.125
  },
  "within_budget": true,
  "wall_seconds": 80.9
}
