{
  "aggregate": 0.16666666666666669,
  "per_family": {
    "chronicle": 0.125,
    "lockpick": 0.0,
    "menders": 0.0,
    "mirage": 0.125,
    "rites": 0.0,
    "siftstack": 0.0,
    "sirens": 0.5,
    "stockade": 0.08333333333333333,
    "toolsmith": 0.7083333333333334,
    "warren": 0.125
  },
  "within_budget": true,
  "wall_seconds": 94.0
}
