{
  "aggregate": 0.3619318181818182,
  "per_family": {
    "chronicle": 0.625,
    "lockpick": 0.125,
    "menders": 0.0,
    "mirage": 0.375,
    "rites": 0.375,
    "siftstack": 0.75,
    "sirens": 0.375,
    "stockade": 0.11931818181818182,
    "toolsmith": 0.875,
    "warren": 0.0
  },
  "within_budget": true,
  "wall_seconds": 77.8
}
