{
  "aggregate": 0.5290426356589147,
  "per_family": {
    "chronicle": 0.75,
    "lockpick": 0.375,
    "menders": 0.125,
    "mirage": 0.375,
    "rites": 0.625,
    "siftstack": 0.375,
    "sirens": 0.5,
    "stockade": 0.45709302325581397,
    "toolsmith": 0.8333333333333334,
    "warren": 0.875
  },
  "within_budget": false,
  "wall_seconds": 414.2
}
