{
  "aggregate": 0.14091666666666666,
  "per_family": {
    "chronicle": 0.125,
    "lockpick": 0.125,
    "menders": 0.0,
    "mirage": 0.0,
    "rites": 0.0,
    "siftstack": 0.0,
    "sirens": 0.5,
    "stockade": 0.055,
    "toolsmith": 0.4791666666666667,
    "warren": 0.125
  },
  "within_budget": true,
  "wall_seconds": 86.6
}
