{
  "aggregate": 0.47972222222222227,
  "per_family": {
    "chronicle": 0.875,
    "lockpick": 0.375,
    "menders": 0.0,
    "mirage": 0.75,
    "rites": 0.125,
    "siftstack": 0.625,
    "sirens": 0.5,
    "stockade": 0.5472222222222223,
    "toolsmith": 1.0,
    "warren": 0.0
  },
  "within_budget": true,
  "wall_seconds": 83.4
}
