{
  "aggregate": 0.49722325776019477,
  "per_family": {
    "chronicle": 1.0,
    "lockpick": 0.125,
    "menders": 0.020833333333333332,
    "mirage": 0.75,
    "rites": 0.375,
    "siftstack": 0.75,
    "sirens": 0.5,
    "stockade": 0.45139924426861433,
    "toolsmith": 1.0,
    "warren": 0.0
  },
  "within_budget": true,
  "wall_seconds": 173.2
}
