{
  "aggregate": 0.48037121212121214,
  "per_family": {
    "chronicle": 0.75,
    "lockpick": 0.25,
    "menders": 0.0,
    "mirage": 0.75,
    "rites": 0.0625,
    "siftstack": 0.75,
    "sirens": 0.5,
    "stockade": 0.4912121212121212,
    "toolsmith": 1.0,
    "warren": 0.25
  },
  "within_budget": true,
  "wall_seconds": 79.5
}
