{
  "aggregate": 0.4595196078431372,
  "per_family": {
    "chronicle": 0.625,
    "lockpick": 0.125,
    "menders": 0.0,
    "mirage": 0.875,
    "rites": 0.125,
    "siftstack": 1.0,
    "sirens": 0.5,
    "stockade": 0.5535294117647058,
    "toolsmith": 0.6666666666666666,
    "warren": 0.125
  },
  "within_budget": true,
  "wall_seconds": 80.8
}
