{
  "aggregate": 0.12532738095238097,
  "per_family": {
    "chronicle": 0.25,
    "lockpick": 0.0,
    "menders": 0.0,
    "mirage": 0.0,
    "rites": 0.125,
    "siftstack": 0.0,
    "sirens": 0.375,
    "stockade": 0.21160714285714288,
    "toolsmith": 0.2916666666666667,
    "warren": 0.0
  },
  "within_budget": true,
  "wall_seconds": 84.2
}
