{
  "aggregate": 0.6958333333333333,
  "per_family": {
    "chronicle": 1.0,
    "lockpick": 0.875,
    "menders": 0.25,
    "mirage": 0.875,
    "rites": 0.5,
    "siftstack": 1.0,
    "sirens": 0.625,
    "stockade": 0.5833333333333334,
    "toolsmith": 1.0,
    "warren": 0.25
  },
  "within_budget": false,
  "wall_seconds": 199.7
}
