{
  "aggregate": 0.16458333333333333,
  "per_family": {
    "chronicle": 0.375,
    "lockpick": 0.0,
    "menders": 0.0,
    "mirage": 0.0,
    "rites": 0.125,
    "siftstack": 0.0,
    "sirens": 0.5,
    "stockade": 0.08333333333333333,
    "toolsmith": 0.5625,
    "warren": 0.0
  },
  "within_budget": true,
  "wall_seconds": 93.6
}
