{
  "aggregate": 0.460397465437788,
  "per_family": {
    "chronicle": 0.75,
    "lockpick": 0.25,
    "menders": 0.0,
    "mirage": 0.625,
    "rites": 0.0,
    "siftstack": 1.0,
    "sirens": 0.5,
    "stockade": 0.5831413210445469,
    "toolsmith": 0.8958333333333334,
    "warren": 0.0
  },
  "within_budget": true,
  "wall_seconds": 80.0
}
