{
  "aggregate": 0.3615740740740741,
  "per_family": {
    "chronicle": 0.875,
    "lockpick": 0.125,
    "menders": 0.0,
    "mirage": 0.375,
    "rites": 0.125,
    "siftstack": 0.625,
    "sirens": 0.5,
    "stockade": 0.11574074074074074,
    "toolsmith": 0.875,
    "warren": 0.0
  },
  "within_budget": true,
  "wall_seconds": 78.7
}
