{
  "aggregate": 0.08806089743589743,
  "per_family": {
    "chronicle": 0.125,
    "lockpick": 0.0,
    "menders": 0.125,
    "mirage": 0.0,
    "rites": 0.0,
    "siftstack": 0.0,
    "sirens": 0.25,
    "stockade": 0.09935897435897435,
    "toolsmith": 0.28125,
    "warren": 0.0
  },
  "within_budget": true,
  "wall_seconds": 84.5
}
