{
  "aggregate": 0.48690476190476184,
  "per_family": {
    "chronicle": 0.75,
    "lockpick": 0.5,
    "menders": 0.14583333333333334,
    "mirage": 0.75,
    "rites": 0.125,
    "siftstack": 0.625,
    "sirens": 0.625,
    "stockade": 0.3482142857142857,
    "toolsmith": 1.0,
    "warren": 0.0
  },
  "within_budget": true,
  "wall_seconds": 175.6
}
