{
  "aggregate": 0.44743055555555555,
  "per_family": {
    "chronicle": 0.375,
    "lockpick": 0.25,
    "menders": 0.125,
    "mirage": 0.75,
    "rites": 0.125,
    "siftstack": 0.625,
    "sirens": 0.5,
    "stockade": 0.47430555555555554,
    "toolsmith": 1.0,
    "warren": 0.25
  },
  "within_budget": true,
  "wall_seconds": 173.7
}
