{
  "aggregate": 0.12756410256410255,
  "per_family": {
    "chronicle": 0.0,
    "lockpick": 0.0,
    "menders": 0.0,
    "mirage": 0.0,
    "rites": 0.0,
    "siftstack": 0.0,
    "sirens": 0.5,
    "stockade": 0.23397435897435898,
    "toolsmith": 0.5416666666666666,
    "warren": 0.0
  },
  "within_budget": false,
  "wall_seconds": 191.1
}
