{
  "aggregate": 0.475,
  "per_family": {
    "chronicle": 0.625,
    "lockpick": 0.25,
    "menders": 0.0,
    "mirage": 1.0,
    "rites": 0.125,
    "siftstack": 0.875,
    "sirens": 0.5,
    "stockade": 0.3541666666666667,
    "toolsmith": 0.8958333333333334,
    "warren": 0.125
  },
  "within_budget": true,
  "wall_seconds": 92.9
}
