{
  "aggregate": 0.43489188762626263,
  "per_family": {
    "chronicle": 0.625,
    "lockpick": 0.25,
    "menders": 0.0,
    "mirage": 0.375,
    "rites": 0.1875,
    "siftstack": 1.0,
    "sirens": 0.5,
    "stockade": 0.4114188762626263,
    "toolsmith": 1.0,
    "warren": 0.0
  },
  "within_budget": true,
  "wall_seconds": 79.3
}
