{
  "aggregate": 0.1258736559139785,
  "per_family": {
    "chronicle": 0.0,
    "lockpick": 0.0,
    "menders": 0.0,
    "mirage": 0.0,
    "rites": 0.125,
    "siftstack": 0.0,
    "sirens": 0.375,
    "stockade": 0.11290322580645161,
    "toolsmith": 0.5208333333333334,
    "warren": 0.125
  },
  "within_budget": true,
  "wall_seconds": 85.2
}
