{
  "aggregate": 0.4427401325932778,
  "per_family": {
    "chronicle": 0.75,
    "lockpick": 0.25,
    "menders": 0.14583333333333334,
    "mirage": 0.625,
    "rites": 0.125,
    "siftstack": 0.5,
    "sirens": 0.5,
    "stockade": 0.406567992599445,
    "toolsmith": 1.0,
    "warren": 0.125
  },
  "within_budget": true,
  "wall_seconds": 176.6
}
