{
  "aggregate": 0.13177083333333334,
  "per_family": {
    "chronicle": 0.125,
    "lockpick": 0.0,
    "menders": 0.0,
    "mirage": 0.125,
    "rites": 0.0,
    "siftstack": 0.0,
    "sirens": 0.375,
    "stockade": 0.109375,
    "toolsmith": 0.5833333333333334,
    "warren": 0.0
  },
  "within_budget": true,
  "wall_seconds": 98.2
}
