{
  "aggregate": 0.10416666666666667,
  "per_family": {
    "chronicle": 0.125,
    "lockpick": 0.0,
    "menders": 0.0,
    "mirage": 0.0,
    "rites": 0.125,
    "siftstack": 0.0,
    "sirens": 0.375,
    "stockade": 0.0625,
    "toolsmith": 0.3541666666666667,
    "warren": 0.0
  },
  "within_budget": true,
  "wall_seconds": 91.5
}
