{
  "aggregate": 0.47276785714285713,
  "per_family": {
    "chronicle": 0.875,
    "lockpick": 0.25,
    "menders": 0.0,
    "mirage": 0.625,
    "rites": 0.25,
    "siftstack": 0.875,
    "sirens": 0.5,
    "stockade": 0.4776785714285714,
    "toolsmith": 0.875,
    "warren": 0.0
  },
  "within_budget": true,
  "wall_seconds": 80.2
}
