{
  "aggregate": 0.3954420731707317,
  "per_family": {
    "chronicle": 0.5,
    "lockpick": 0.375,
    "menders": 0.0,
    "mirage": 0.375,
    "rites": 0.125,
    "siftstack": 0.75,
    "sirens": 0.5,
    "stockade": 0.42317073170731706,
    "toolsmith": 0.90625,
    "warren": 0.0
  },
  "within_budget": true,
  "wall_seconds": 81.6
}
