{
  "aggregate": 0.4744791666666667,
  "per_family": {
    "chronicle": 0.625,
    "lockpick": 0.375,
    "menders": 0.0,
    "mirage": 0.75,
    "rites": 0.125,
    "siftstack": 0.875,
    "sirens": 0.5,
    "stockade": 0.4947916666666667,
    "toolsmith": 0.875,
    "warren": 0.125
  },
  "within_budget": true,
  "wall_seconds": 179.5
}
