{
  "aggregate": 0.545798282814238,
  "per_family": {
    "chronicle": 0.875,
    "lockpick": 0.375,
    "menders": 0.0,
    "mirage": 0.75,
    "rites": 0.25,
    "siftstack": 1.0,
    "sirens": 0.625,
    "stockade": 0.45798282814238045,
    "toolsmith": 1.0,
    "warren": 0.125
  },
  "within_budget": true,
  "wall_seconds": 79.0
}
