{
  "aggregate": 0.12721354166666668,
  "per_family": {
    "chronicle": 0.25,
    "lockpick": 0.0,
    "menders": 0.125,
    "mirage": 0.0,
    "rites": 0.0,
    "siftstack": 0.0,
    "sirens": 0.5,
    "stockade": 0.10546875,
    "toolsmith": 0.2916666666666667,
    "warren": 0.0
  },
  "within_budget": true,
  "wall_seconds": 83.5
}
