{
  "aggregate": 0.4687759216589861,
  "per_family": {
    "chronicle": 0.75,
    "lockpick": 0.375,
    "menders": 0.0,
    "mirage": 0.625,
    "rites": 0.25,
    "siftstack": 0.75,
    "sirens": 0.5,
    "stockade": 0.4377592165898618,
    "toolsmith": 0.875,
    "warren": 0.125
  },
  "within_budget": true,
  "wall_seconds": 88.5
}
