{
  "aggregate": 0.4345238095238095,
  "per_family": {
    "chronicle": 0.875,
    "lockpick": 0.375,
    "menders": 0.0,
    "mirage": 0.625,
    "rites": 0.5,
    "siftstack": 0.125,
    "sirens": 0.375,
    "stockade": 0.34523809523809523,
    "toolsmith": 1.0,
    "warren": 0.125
  },
  "within_budget": false,
  "wall_seconds": 424.4
}
