{
  "aggregate": 0.4332941483803553,
  "per_family": {
    "chronicle": 0.75,
    "lockpick": 0.125,
    "menders": 0.0,
    "mirage": 0.5,
    "rites": 0.125,
    "siftstack": 0.875,
    "sirens": 0.5,
    "stockade": 0.33294148380355276,
    "toolsmith": 1.0,
    "warren": 0.125
  },
  "within_budget": true,
  "wall_seconds": 79.9
}
