{
  "aggregate": 0.44065736511996106,
  "per_family": {
    "chronicle": 0.625,
    "lockpick": 0.0,
    "menders": 0.020833333333333332,
    "mirage": 0.625,
    "rites": 0.125,
    "siftstack": 0.875,
    "sirens": 0.5,
    "stockade": 0.6357403178662769,
    "toolsmith": 1.0,
    "warren": 0.0
  },
  "within_budget": true,
  "wall_seconds": 80.8
}
