{
  "aggregate": 0.4107926065162907,
  "per_family": {
    "chronicle": 0.5,
    "lockpick": 0.375,
    "menders": 0.020833333333333332,
    "mirage": 0.625,
    "rites": 0.0,
    "siftstack": 0.75,
    "sirens": 0.5,
    "stockade": 0.33709273182957394,
    "toolsmith": 1.0,
    "warren": 0.0
  },
  "within_budget": true,
  "wall_seconds": 177.0
}
