{
  "aggregate": 0.4357007575757576,
  "per_family": {
    "chronicle": 0.875,
    "lockpick": 0.25,
    "menders": 0.0,
    "mirage": 0.375,
    "rites": 0.0,
    "siftstack": 0.875,
    "sirens": 0.5,
    "stockade": 0.6070075757575758,
    "toolsmith": 0.875,
    "warren": 0.0
  },
  "within_budget": true,
  "wall_seconds": 80.9
}
