method,tasks,full_exact,row_exact
direct_qwen,30,0.4666666666666667,0.6944444444444444
locked_rule_qwen,30,0.4666666666666667,0.6166666666666666
shuffled_rule_qwen,30,0.36666666666666664,0.5361111111111112
