method,tasks,full_exact,row_exact
static_mono_examples,309,0.22653721682847897,0.2720520521565266
static_mono_oracle,309,0.29449838187702265,
static_recursive_examples,309,0.22653721682847897,0.2720520521565266
static_recursive_oracle,309,0.343042071197411,
static_recursive_shuffled,309,0.003236245954692557,0.0036407766990291263
