run,arm,seed,stage,stage_idx,local_step,global_step,compiler_max_steps,elapsed_sec,expansion_event,init_loss,op_loss,arg_loss,state_loss,state_train_accuracy,executor_loss,loss
pilot_max24_no_curriculum_seed123,max24_no_curriculum,123,stage1_max24,1,1,1,24,1.412,init,4.767727851867676,1.0965933799743652,4.597617149353027,4.5783233642578125,0.0,4.5783562660217285,47.714656829833984
pilot_max24_no_curriculum_seed123,max24_no_curriculum,123,stage1_max24,1,2,2,24,2.06,init,4.708947658538818,1.0821330547332764,4.4900689125061035,4.578261852264404,0.0,4.5789289474487305,47.0353889465332
pilot_max24_no_curriculum_seed123,max24_no_curriculum,123,stage1_max24,1,4,4,24,3.554,init,4.323336601257324,1.1069716215133667,4.5374321937561035,4.577898025512695,0.0,4.5780158042907715,45.705963134765625
pilot_max24_no_curriculum_seed123,max24_no_curriculum,123,stage1_max24,1,6,6,24,5.192,init,4.519682884216309,1.117411494255066,4.409532070159912,4.57782506942749,0.0,4.5778913497924805,45.989986419677734
pilot_max24_no_curriculum_seed123,max24_no_curriculum,123,stage1_max24,1,8,8,24,6.707,init,4.268473148345947,1.1051313877105713,4.434774398803711,4.5780487060546875,0.0,4.577776908874512,45.07394790649414
pilot_max24_no_curriculum_seed123,max24_no_curriculum,123,stage1_max24,1,10,10,24,8.154,init,4.461387634277344,1.1014442443847656,4.38281774520874,4.579080581665039,0.0,4.578712463378906,45.63605499267578
