length,mean_query_support_size,mean_belief_support_size,best_query_mass_before_k_ge_l,best_belief_mass_before_k_ge_l,first_k_ge_l,query_mass_at_first_k_ge_l,belief_mass_at_first_k_ge_l,query_top1_at_first_k_ge_l,belief_top1_at_first_k_ge_l
4,10.994140625,12.78955078125,0.47368524968624115,0.1409055478870868,4,0.9925826638936996,0.9831732511520386,1.0,1.0
8,6.08251953125,6.95556640625,0.2602851949632168,0.04112009983509773,8,0.9820895493030548,0.9699733406305313,1.0,1.0
12,3.42822265625,3.98876953125,0.1923101171851158,0.035200254991650554,12,0.9734450280666351,0.9610919654369354,1.0,1.0
16,2.587890625,2.7587890625,0.158009685575962,0.030528826173394873,16,0.9672915190458298,0.9549687802791595,1.0,1.0
24,1.66015625,1.77001953125,0.07551066577434534,0.0043378544505684995,24,0.9615091085433961,0.9498196840286255,1.0,1.0
