run,seed,step,k,shuffle_train,loss,final_loss,state_loss,quick_best_final_accuracy
pilot_python_shaped_silent_executor_v4,101,1,16,0,6.981967926025391,3.5065736770629883,3.4753940105438232,0.020833333333333332
pilot_python_shaped_silent_executor_v4,101,50,4,0,6.278887748718262,2.908473491668701,3.3704142570495605,0.020833333333333332
pilot_python_shaped_silent_executor_v4,101,100,16,0,6.937277793884277,3.7258529663085938,3.2114248275756836,0.0625
pilot_python_shaped_silent_executor_v4,101,150,8,0,6.184700965881348,3.0893304347991943,3.0953707695007324,0.020833333333333332
pilot_python_shaped_silent_executor_v4,101,200,32,0,6.908622741699219,3.50169038772583,3.4069323539733887,0.041666666666666664
pilot_python_shaped_silent_executor_v4,101,250,4,0,6.440451622009277,3.426802158355713,3.0136494636535645,0.0625
pilot_python_shaped_silent_executor_v4,101,300,32,0,6.29055118560791,3.1421594619750977,3.1483917236328125,0.0625
