length,mean_query_support_size,mean_belief_support_size,best_query_mass_before_k_ge_l,best_probe_belief_mass_before_k_ge_l,first_k_ge_l,query_mass_at_first_k_ge_l,probe_belief_mass_at_first_k_ge_l,query_top1_at_first_k_ge_l,probe_belief_top1_at_first_k_ge_l
4,11.1259765625,13.11669921875,0.44911936670541763,0.1125169545412063,4,0.7019599378108978,0.41611748933792114,0.791015625,0.55517578125
8,5.7353515625,6.63720703125,0.21802638098597527,0.025172120891511374,8,0.4928203672170639,0.18838202580809588,0.5927734375,0.26220703125
12,3.6533203125,4.12841796875,0.14936225861310953,0.01398869603872295,12,0.3606262803077698,0.12013553828001018,0.44580078125,0.189453125
16,2.63037109375,2.86572265625,0.10808762349188325,0.008487147744744974,16,0.29576013237237925,0.0879748128354549,0.37109375,0.130859375
24,1.6640625,1.7568359375,0.060404349118471104,0.00274368672398845,24,0.21534970775246617,0.057371847331523826,0.28759765625,0.07861328125
