model,length,k,n,pair_accuracy,register_accuracy
static,4,-1,2048,0.0029296875,0.067626953125
static,8,-1,2048,0.0009765625,0.042236328125
static,12,-1,2048,0.00244140625,0.0302734375
static,16,-1,2048,0.0009765625,0.03271484375
static,24,-1,2048,0.001953125,0.03173828125
