model,length,k,n,pair_accuracy,register_accuracy
static,4,-1,2048,0.001953125,0.0625
static,8,-1,2048,0.00048828125,0.032958984375
static,12,-1,2048,0.00048828125,0.0302734375
static,16,-1,2048,0.0,0.0322265625
static,24,-1,2048,0.0009765625,0.031982421875
